,Pistil,Cabium,Bark,Old_leaf,Mature_xylem,Expanded_leaf,Young_leaf,Immature_xylem,Apex,Phloem,Root,Petiole,long1,long2,long3,long4,long5,long6,short1,short2,short3,short4,short5,short6
evm.TU.FRAGSCAFF_17__FRAGMENT_2.18,0,0.21877930824039,0,0,0,0,0,0.361918422212136,0,0,0,0,0,0.034485726231585,0,0,0,0,0,0,0,0,0,0
evm.TU.FRAGSCAFF_44__FRAGMENT_2.37,1.84204917532201,7.93572766168842,3.33655533167389,0.483217813430918,3.21823094822478,1.56107093834464,3.34070947437444,6.87339505758912,2.23047244286812,3.56633080564582,4.41626263831676,2.71567061770672,0.268023904314886,0.163612941548916,0.126771587581986,0.330618822160905,0.216709390283281,0.0821607385713712,0.0262316026992573,0,0,0,0.0295188499856811,0
evm.TU.FRAGSCAFF_47__FRAGMENT_3.13,2.25954382379347,5.09320917795579,0,0.224066624159922,0.103971131216203,0.635461876387635,0.616782380655344,4.00944013010412,1.71185564543547,1.86499194648473,2.32265724112818,1.50855930914711,0.14570701563267,0.0786995454063701,0.0289665457999589,0,0.0582647682443299,0,0,0,0.043231567044951,0,0,0
evm.TU.FRAGSCAFF_75__FRAGMENT_3.15,0.867250861752842,3.7691982491934,0.439004973200747,1.63746913062725,6.77978131978043,0.458433103425401,1.50583708165661,4.70369996263183,1.62586786449557,0.473971468161892,4.1313584272037,2.00064245746631,0.514996156755539,0.16061776734761,0.145652676491748,0.058414404326511,0.0216119091764067,0.0670939319495664,0,0,0,0,0,0
evm.TU.HIC_ASM_0.184,0,0.590056789183513,0,0,0,0,0.0806012736719296,0.243418862562622,0.0182372473802259,0,0,0.0182296501146598,0,0,0,0,0,0,0,0,0,0,0,0
evm.TU.HIC_ASM_0.218,0.241844453691664,4.40409219555648,0,0.0473047844724482,0.0588064326805125,0.199704378199189,0.814873583766517,2.61734315490961,2.05234586783242,0.304405902307916,0.841927778555172,1.0419900739462,0.0953096395204878,0.0473108340097418,0.0485207898691586,0.0779183776477894,0.0477863783818173,0,0,0.087513985749992,0,0.0754746716551639,0,0.0220079086813647
evm.TU.HIC_ASM_0.289,0,0.4915796636794,0,0,0,0,0,0.260000757058989,0,0,0.0335162712457767,0,0,0,0,0.0272271995263217,0,0,0,0,0,0,0,0
evm.TU.HIC_ASM_0.403,3.40676977641455,7.96142112093944,1.98540716215617,0.834517603412431,2.34265666720077,1.64967921994708,3.31836731669953,7.25898706509862,5.17367925475276,2.74810559640529,4.66084212020971,3.64567464756144,0.191472110534468,0.234548326025939,0.159477201453004,0.216076098279177,0.164915827885611,0.166022527921316,0.219529749311567,0.104923012952769,0.0825014058524132,0.0784144565138831,0.129213106371424,0.13724556386588
evm.TU.HIC_ASM_0.421,1.21374293811426,6.81125116077008,0.22063827477717,0.263351763834689,1.05395839609623,0.906905984273549,2.17837693708714,5.61290373561753,1.26521303290359,1.65533610406691,3.23222194700924,3.15635368251296,0.647963134810831,0.399863421294145,0.427353724114483,0.332775901806163,0.651662977250099,0.361485406264627,0.123858189901927,0.0809377618275233,0.136551906040937,0.136458283809481,0.0881072147157024,0.167973585619155
evm.TU.HIC_ASM_0.441,0.0461354938560219,3.47900693390603,0,0,0.0220230634320696,0,0,1.95296033786039,0.0103468464187445,1.48147392849988,1.7524781497853,0.0105569133334486,0,0,0,0,0,0,0,0,0,0,0,0
evm.TU.HIC_ASM_0.442,0,1.71458051377815,0.557877637288926,0,0.271129615930456,0.289141569169117,0.294293137220359,0.47608508149513,0.0202008718413142,0.0509984729451166,0.137632049037536,0.507728686917883,0.0230599033931146,0.0768974396098463,0.038190794464446,0.00280283702718382,0.00151979977923686,0.0591148079416902,0.0534519808525472,0,0.116853557177255,0.0540413142313317,0.0202335920738701,0.0352264692167295
evm.TU.HIC_ASM_0.478,0,2.56294268650423,0,0,0,0.180321874320356,1.16025632670883,1.54257454110283,0.78433757803808,0.0627567821679968,0.666911683034605,0.663217082675683,0,0,0,0,0.055741710242481,0,0,0,0,0,0,0
evm.TU.HIC_ASM_0.520,0.430032043053859,6.43332072874742,0.144080314983019,0.37444934728307,0.745174788599263,1.28111145932536,2.944780000973,5.6788743312201,1.79010112584403,1.95437587583794,3.50777819401564,3.72396859554296,0.155231116299279,0.102971157187569,0.0784267538231116,0.0723395399982894,0.152222366426941,0.0378413751039981,0.0462978036457218,0.00785616616536585,0.0169298477256574,0.0168804164466701,0.00835875893338801,0.0281843822142557
evm.TU.HIC_ASM_0.530,0.0683550683579373,0.920850450250456,0,0.011536667757127,0.179745429366637,0.0100670257514816,0.0661410982944337,0.217904437086238,0.159434144033259,0.00528739492509364,0.290282840579247,0.133588512950221,0,0.0367175969876276,0,0.0189996680234845,0,0,0.0101190791919243,0,0,0,0,0
evm.TU.HIC_ASM_0.589,0,0.673460542638357,0,0,0.241016422720406,0,0,0.167472687444873,0,0.244652881582654,0.178180057647438,0,0,0,0,0.038585079205183,0,0,0,0,0.0225567271236422,0,0,0
evm.TU.HIC_ASM_0.91,0,0.685681852646455,0,0,0.0240638398703129,0,0,0.23631177865639,0.0263014910909942,0,0.0437611770682813,0.13935379581851,0,0,0,0,0,0,0,0,0,0,0,0
evm.TU.HIC_ASM_0.957,0,0.184882640646184,0,0,0.107151752606201,0,0,0,0,0.0359832480520033,0,0,0,0,0,0,0,0,0,0,0,0,0,0
evm.TU.HIC_ASM_0.972,0,2.74294926123956,0,0,0.267184993860203,0.0205740276699628,0,2.27046226291358,0,0,0.103830174223742,0.46273641086674,0,0,0,0,0,0,0,0,0,0,0,0
evm.TU.HIC_ASM_0.986,0.0605143676287,1.5175067579104,0,0,0.0502430276829673,0.0650129544671554,0.0359907538069918,1.30492821415159,0.0247078452839207,0,0.156195527528995,0.227765716022234,0,0,0,0,0.0354427986140563,0,0.00730316119611895,0,0,0,0,0
evm.TU.HIC_ASM_1.102,0.17451635831368,4.50658572612435,0.0754860808254832,0.132171449277899,0.285004424100132,0.769749457265936,2.27981952108958,3.99729553964545,0.729516807147608,0.106911081924792,1.35955490413393,1.33699475136445,0.0416378354661436,0.0144386140658412,0.0125548478774927,0.0274437889100889,0.0133136054269584,0.0125281516169101,0.0324281461340438,0,0.0131029859754585,0,0,0.0398252943879735
evm.TU.HIC_ASM_1.1023,0.759076557980383,4.95291889009506,0,0.231241101037927,0.91663638301847,0.393587900070279,1.59806040284736,4.55079773170095,0.984386890772943,0.436186008785676,1.48168057846472,1.7338368936779,0.0891577756755445,0.0650111160921119,0.0351701523112642,0.00175229029956714,0.00347798974319051,0.0594078893361306,0.116429526123057,0.0952556198910564,0.173097150002258,0.239494177703322,0.237982556683922,0.137113943493193
evm.TU.HIC_ASM_1.1038,2.36276022207541,6.73694848234901,0.264135242948939,1.9247846390653,4.88373740352181,2.39695187668156,2.02027781015516,7.6547532149964,1.76762796386003,0.472963566085817,4.64586527231229,4.21489986459326,1.2514656207051,0.922338685101054,0.989050093186338,0.993962207659057,0.989613044132799,0.984406822491565,1.14759282098843,1.2642127265792,0.988656332424068,1.21493485015607,1.40361294604514,1.27814973042
evm.TU.HIC_ASM_1.1072,0.65438833626463,4.08934670397831,0,0,0.304606049787412,0,0.108427660988073,3.78818227984965,0.255551088520278,0.110817119059535,1.17667446648109,0.454946178281762,0,0,0,0,0,0,0.0245924929914583,0,0,0,0,0
evm.TU.HIC_ASM_1.1102,2.82612835400166,8.00930630640727,0.199607647836688,1.04513095911449,3.17706770673857,3.14238097817725,3.78276751647682,7.40737682106863,2.45274073344815,1.62576938385241,4.59165723844033,3.57201024511681,1.0895623296801,0.699642538102121,0.430930727908768,0.493019433404508,0.667449525227295,0.297504871484433,0.209267025397846,0.100699170618274,0.228055206654842,0.238108960116066,0.0930562035801022,0.153296467133071
evm.TU.HIC_ASM_1.1230,1.72611492203636,7.9612109686708,0.345847111687794,2.76877024872953,6.80521760998415,2.48038835785128,2.87849850707681,8.68761710616918,2.80885399613532,0.882801361931372,5.72767964948182,3.0556553041517,1.79366397881975,1.17543113313981,1.18484625756578,1.27669715029003,1.24829902305721,1.21068768023122,1.24585603783261,1.56347413779084,1.29269047379713,1.39236212254942,1.48772386356634,1.65254691681882
evm.TU.HIC_ASM_1.1490,0.0548095879408961,5.78189019987124,0,0.0528109465105772,1.82187290880388,0.4780792576946,0.726382502226483,5.91843414863494,0.0718065946459586,0.0202345395269402,1.72599906638561,1.64817794899857,0.0195520044133346,0,0,0,0,0,0.0175950980640492,0,0,0,0,0
evm.TU.HIC_ASM_1.1621,2.29978490776835,6.79829623687153,0.379739610804174,3.05424806819745,9.01080243018952,2.71737863279865,2.88426030843227,7.97581554754855,2.58786036720357,1.35104140822307,6.48500129288056,3.45597642672927,1.99950519086132,0.657855517232101,0.547447526160581,0.653122402568278,0.628621814299912,0.407693192437556,0.173037862050151,0.133078600084141,0.18674183138323,0.0751428393266552,0.170432740739831,0.158249980647594
evm.TU.HIC_ASM_1.1715,0.105401177228318,1.13912335078034,0,0,0.234727752571053,0,0,0.353771933998904,0.111807664793196,0.264142850944505,0.277412315140008,0,0,0,0,0,0,0,0,0,0,0,0,0
evm.TU.HIC_ASM_1.2035,0,0.0613863580931572,0,0,0,0,0,0,0,0,0,0,0,0,0,0,0,0,0,0,0,0,0,0
evm.TU.HIC_ASM_1.508,2.79095809599745,5.66669638367008,0,0.228046174193207,0.713156169734269,0.727806050952398,1.53617544103497,4.85188406985382,2.31954067251732,0.0933614031715592,1.01247547060514,1.75384767450979,0.680530805461574,0.605874514259063,0.427901832754673,0.39614596867702,0.51930839754179,0.586169050902228,0.183159137832624,0.144109908162816,0.221712545701044,0.156310315092909,0.142576379034476,0.100420191633407
evm.TU.HIC_ASM_1.760,2.11794117735846,4.81767543915431,0,0.240711206708248,0.254454564080464,0.857072772965874,1.39483714381785,3.83485762149741,2.19284928008396,0.0560798844081561,1.52728156824626,1.14735207424523,0.182580013339705,0.231072713501509,0.337116958460241,0.227061662780974,0.234091691531235,0.281813759581645,0.185810738885357,0.162648322113314,0.260378606226069,0.22991846444421,0.222002841492016,0.100050975851579
evm.TU.HIC_ASM_1.917,0,0.114337037907404,0,0,0,0,0.048040371858793,0.245504993150676,0,0,0,0.090503890157153,0,0,0,0,0,0,0,0,0,0,0,0
evm.TU.HIC_ASM_10.1176,0,5.45188478378878,0,1.13180741951352,3.73737526138783,2.61828744958318,1.68554865080273,6.64304648559675,0.511390783443409,0,3.57135086239785,3.04763074987239,0.0995393920445004,0.151317217480777,0.0932843205611109,0.0811396176019166,0.00787290658250058,0.0414018704277963,0.242302910058474,0.167993276355013,0.288405814481558,0.16322906093696,0.182796100456558,0.0849314353997526
evm.TU.HIC_ASM_10.352,0,0.385788284323388,0,0,0.0167159522491716,0,0,0.484882622412615,0,0,0.0204332163634376,0,0,0,0,0,0,0,0,0,0,0,0,0
evm.TU.HIC_ASM_10.356,0,0.740745836200171,0,0,0.0506656061532919,0,0,0.781290322316427,0,0,0.0661034302612712,0,0,0,0,0,0,0,0,0,0,0,0,0
evm.TU.HIC_ASM_10.427,0,1.06797491650032,0,0.00352500257821136,0.427547176611153,0,0,0.766468518711095,0.0106223150624651,0,0.0967012979724919,0.0134960865441432,0,0,0,0,0.0141481585230738,0.0201506035826216,0.0177585115720582,0.00141026624215004,0.00791547345891848,0.046191617688573,0.00150058445111318,0.022239962387673
evm.TU.HIC_ASM_10.489,0.022670347748344,5.93498709346878,0,0.439955339874775,0.578902655649349,1.8264366264226,1.91148271934437,5.34314764005761,0.448402704105859,1.39552022040338,2.50270943129313,3.02776625290313,0.331560767809523,0.213613138699258,0.0889710546058786,0.0344739867595932,0.173808847733595,0.0720980232867613,0.0397181635784607,0.0457938161351529,0.0622317988816757,0,0.0463727801956777,0.0377233212404531
evm.TU.HIC_ASM_10.490,0,0.0720165942241618,0,0,0,0,0,0.0247409357082902,0,0,0,0,0,0,0,0,0,0,0,0,0,0,0,0
evm.TU.HIC_ASM_10.495,0,0.0507774983540788,0,0,0,0,0,0,0,0,0,0,0,0,0,0,0,0,0,0,0,0,0,0
evm.TU.HIC_ASM_10.532,0,0.468483745457775,0,0,0,0,0,0.0205711831331194,0.135784818499612,0,0.0781766879301167,0,0,0,0,0,0,0,0,0,0,0,0,0
evm.TU.HIC_ASM_10.771,0.0257744077712336,4.0420718731071,0,0.961558877826265,2.10563271374082,2.57888551155573,1.67034938578953,5.1985083239622,0.529594761182228,0.0325518064143169,2.29822720202908,2.76153279412557,0.151526780759438,0,0.0643857768300455,0.0157820454329061,0.0628856957533169,0.058108649401174,0.0321295317016014,0.0332705151944852,0.0503795662702278,0.0604518807905361,0.0750684296914564,0.0176093500616813
evm.TU.HIC_ASM_10.859,0,0.119811658087441,0,0,0,0,0,0,0,0.0374951491503548,0.0168229039514605,0,0,0,0,0,0,0,0,0,0,0,0,0
evm.TU.HIC_ASM_11.104,0,0.162671521768414,0,0,0.0650304237401118,0,0,0,0,0,0,0,0,0,0,0,0,0,0,0,0,0,0,0
evm.TU.HIC_ASM_11.1083,2.42914056640382,7.19360469053109,0,2.33775827733078,3.47833705168512,2.20087666566963,1.92810168970395,7.51622757104636,1.67452091310177,0.631360118094702,4.51897218230868,2.92881587082454,1.5729192494274,0.888500255312864,0.516032297821786,0.301368738334556,0.228646326232232,0,0,0,0,0,0,0.239090038211954
evm.TU.HIC_ASM_11.1155,0.0202091700470504,0.937229499328076,0,0.021791922684623,0.0695839418970998,0.00920956140048321,0.066443317857891,1.6864681060157,0.0829559582773532,0.132045508004751,0.365262519763966,0.0143462468222794,0,0.00751223796262517,0.0142100634133344,0.0184081859623937,0.0186474659562185,0.0070619921036259,0.0102580358022953,0.00768636485802799,0,0,0.00671787306475671,0.00655416059890279
evm.TU.HIC_ASM_11.1156,0,1.23537017074695,0,0,0.0207243065319337,0.0263321849267349,0,0.36182299779271,0.0838083678802597,0,0.127698424684744,0,0,0.0355263197225144,0.0643370248082061,0.0303214811192824,0,0,0,0,0,0,0,0
evm.TU.HIC_ASM_11.172,1.65320955421401,8.33583771508404,1.18810209942354,1.32733977247281,2.99042371784293,2.74914391855397,4.05716410235545,7.50154106175329,2.15400729924767,2.52859182149688,4.40387215038197,4.70886918147826,1.0828440366694,1.25841882202148,0.912190735098446,0.816487753970902,0.929607462361037,0.783378423593622,0.826196875707037,0.637708231171491,0.68618524722936,0.599676121309026,0.797335662870552,0.530104378407722
evm.TU.HIC_ASM_11.229,0.0739785441087166,2.59426726825559,0,0,0.33694525648987,0,0.203122622695866,1.11473170615661,0.363986270899375,1.29019258673351,0.431593365308776,1.48553124720407,0.137221951714082,0,0,0,0,0,0,0,0,0,0,0
evm.TU.HIC_ASM_11.260,0,0.442598534416632,0,0,0.00203180632027714,0,0,0.118783191481985,0,0,0.0283414147115424,0,0,0,0,0,0,0,0,0,0,0,0,0
evm.TU.HIC_ASM_11.440,0.0588899957495363,2.23237633365863,0,0,0.0468132533469897,0.0772904047023931,0.154685166182255,1.90956524394291,0.0359799651513914,0.137092077970899,0.124503718833519,0.770247764455371,0,0,0,0,0.0283857386384751,0,0,0,0,0,0,0
evm.TU.HIC_ASM_11.49,0,0.418592065073471,0,0,0.0277598845148259,0,0,0.249805742271787,0,0,0,0,0,0,0,0,0,0,0,0,0,0,0,0
evm.TU.HIC_ASM_11.50,2.12477245635391,4.83768625786669,0.441202987302103,0.238779930966414,0.667623311686415,1.40263578007038,1.83784705915003,3.79328927495823,1.74381437644565,0.50219140064619,1.72546633127388,1.49265035524244,0.131610555028354,0.140851933669895,0.0146171440737868,0.0346664871087692,0.0461380550852598,0.0324220338672385,0.0199400309085939,0.00269388038365068,0.0381879844510982,0.0282178655228532,0.00644453035708887,0.05119899159858
evm.TU.HIC_ASM_11.525,0.485452074112547,5.42306421177288,0.0756955455366512,0.166855530601089,0.781984641363637,0.993801387947108,0.881092386632675,5.02299393995944,0.705182007017478,0.284841406669713,3.00464340756044,2.04064372119055,0.0570869965641363,0.0255887492406547,0.00589098391962363,0,0.0236021721176314,0,0,0,0,0,0,0
evm.TU.HIC_ASM_11.535,0.258071423874631,1.95469865310213,0.187377571310849,0.0144090959283706,0.226115125989189,0.116739134056971,0.38295677742769,0.742646691693966,0.191802238196402,0.628353982138687,0.256775582228601,0.2208380073731,0.0315989279791337,0.0237426744791867,0.0263742092209687,0.0235927111335769,0.0185449222469185,0.0285205905472834,0.0261645430404276,0.0245523074271764,0.0178193127020345,0.0189450862776409,0.0316083380165999,0.0200310931339366
evm.TU.HIC_ASM_11.595,2.01627932880535,8.15500455647915,0.0963212331102715,3.17426024524707,3.23649797585957,3.71017576087244,3.31872252263806,6.90737380549363,3.65304904547027,0.820012536181427,4.239440560267,5.18447626424687,1.49993668633579,0.465674318247677,0.371909713488927,0.282657255100975,0.238924193950303,0.35582818616244,0.056247785264073,0.128565283146544,0.102627675565216,0.0718345043904029,0.0445591892017407,0.073158932652335
evm.TU.HIC_ASM_11.80,0.0390752087989141,4.83042550832804,0,0.0252036555476662,0.21802599592603,0.497131685577431,1.20689948587015,2.51114093725984,1.45558613154907,1.33738322604455,1.24840570004526,3.8953273767207,0.0491916197949505,0,0,0,0,0,0,0,0.0249782220041384,0.0570874583427383,0,0
evm.TU.HIC_ASM_11.81,0.222688967737307,4.24365952338518,0,0.23054652944321,0.0489782711305442,0.409602742166796,0.838833469577329,2.34750040298445,1.73541978433958,0.880986112806267,1.02343563355253,2.78410706512363,0,0,0,0,0,0,0,0,0,0,0,0
evm.TU.HIC_ASM_12.1125,0,1.47343470040206,0,0,0.0235851405984993,0,0.0175053072413184,1.25631868304812,0,0,0,0,0,0,0,0,0,0,0,0,0,0,0,0
evm.TU.HIC_ASM_12.1184,0,0.166270679324946,0,0,0,0,0,0,0,0,0,0,0,0,0,0,0,0,0,0,0,0,0,0
evm.TU.HIC_ASM_12.168,0,0.226989964354492,0,0,0,0,0,0,0,0,0,0.119452685959416,0,0,0,0,0,0,0,0,0,0,0,0
evm.TU.HIC_ASM_12.18,0,0.57985643395415,0,0,0.122162467784087,0,0.0163902953869693,1.09484252771449,0,0.036939329241025,0,0,0,0,0,0,0,0,0,0,0,0,0,0
evm.TU.HIC_ASM_12.203,1.66481935410652,7.13628716656374,0.434752577586493,0.622170705986882,0.416744279892367,2.27737402578437,4.63010670400244,5.30912267235373,5.0486260055339,1.8173121748315,2.87172401023056,4.00424297207291,1.00582249358238,0.374984920779198,0.432210436003036,0.394110928903365,0.40402895900494,0.519613358231258,0.244488893400783,0.121989250205384,0.338678463063076,0.128582439038498,0.0994936099134577,0.1775372748013
evm.TU.HIC_ASM_12.289,0,0.197113660851626,0,0,0,0.0131215713236575,0,0,0,0,0,0,0,0,0,0,0,0,0,0.0117408375131501,0,0,0,0
evm.TU.HIC_ASM_12.301,0,1.45274960560253,0,0,0,0.0641599437272042,0.0499146329080358,1.18438863817705,0.142566793924051,0,0,0.0706283832627043,0,0,0,0,0.0817977262961785,0,0,0,0,0.0762275135332501,0,0
evm.TU.HIC_ASM_12.779,0.88954752499521,9.95469138687461,0.224468819449327,0.31065809860269,3.07329034821817,3.82743469534997,7.49840503934283,9.03126167717192,4.63097283451688,1.41815773756374,3.02726088113362,6.87172239642566,0.0254663815374778,0.00898734949234002,0.016673169348127,0.0344824385129181,0.0244969906982343,0.0547878276684988,0.0387915437728389,0.00733426189658703,0.00345352277464025,0.00767057945140055,0.0138871739140056,0.00771937015013872
evm.TU.HIC_ASM_13.1054,0.0465127126804312,4.9678571824754,0,0.118290613157964,0.800034696336911,0.971646918485324,0.991570037384736,4.17298038385311,0.198883848682798,0.0307541697859526,0.562159860009042,1.3200685135562,0.0588484454276624,0.0341067581615039,0.0269803697320827,0.0301180394192113,0,0,0,0.00637893895765931,0,0.00750601778232884,0.0104781414667734,0.0063564372335248
evm.TU.HIC_ASM_13.1125,0.0774515250879099,3.85502826115697,0,0.570338895695733,2.35490637523229,0.853607417789983,0.188440594056688,4.6801887084369,0.074996755449347,0.121632145615249,2.57831618760596,1.22810817099483,0.113941817060976,0.0290626957760121,0.0738503890723717,0,0,0,0.0225164848132801,0.0268519841016122,0,0.0652170505573086,0,0.021802816542166
evm.TU.HIC_ASM_13.1163,0.0102355930671685,5.05021267238917,0,0.210814835508488,0.710449326794332,1.31377213163418,1.77150418895579,4.18789651592286,0.176098052195234,0.0114507929387243,0.609142206646008,1.39257974024446,0.0685735955371425,0.0349195154203877,0.0180843356283339,0,0.0595809406688257,0.0304368452462505,0.0402228746178295,0.0420732154854886,0.0216569150145551,0.0342838092186098,0.0278613041259396,0.0420652760978959
evm.TU.HIC_ASM_13.1232,0.493164134662443,4.43913845688105,0,0.0404066595406079,0.275560173270113,0.314659020317521,0.944672569745582,4.05423553387645,1.11624031222298,0.112780631886053,1.19470674821174,1.25617675306342,0.0390560182316749,0.0283909259186937,0.0398772197865988,0.0163945745731172,0.0272503223473071,0.0291918278369524,0.0134236683147071,0.0258754937552955,0.013931945572592,0.00770884728399843,0,0.0063487757084868
evm.TU.HIC_ASM_13.1338,0,1.19786130350236,0,0,0.270012968689572,0,0,0.304839261399739,0,0.163212741171148,0.5050264080334,0,0,0,0,0,0,0,0,0,0,0,0,0
evm.TU.HIC_ASM_13.1346,0,0.073437062921735,0,0,0,0,0.00916416557272571,0.0443167076867671,0,0.00699260114868048,0,0,0,0,0,0,0,0,0,0,0,0,0,0
evm.TU.HIC_ASM_13.1375,0,0.0874207478868404,0,0,0.00835493348899628,0,0,0.0569413833271057,0,0,0,0,0,0,0,0,0,0,0,0,0,0,0,0
evm.TU.HIC_ASM_13.337,0,0.0625769734169774,0,0,0,0,0,0,0,0,0,0,0,0,0,0,0,0,0,0,0,0,0,0
evm.TU.HIC_ASM_13.359,0,0.741650776738615,0,0,0.0399352252638077,0,0,0.27035431338661,0.0160793072164051,0,0.0720184236940173,0,0,0.0361792995197199,0.0162039002645528,0,0,0,0.0455548032515057,0.0151954295963068,0.0261324302574305,0.0181370494376566,0.0160227129988934,0.0320853226478918
evm.TU.HIC_ASM_13.368,0.103911841013511,0.349288837645131,0,0,0,0,0,0.0340503975292851,0.0690751900701292,0,0,0,0,0,0,0,0,0,0,0,0,0,0,0
evm.TU.HIC_ASM_13.386,0.296106125265569,3.57538192210028,0.361418028285592,0.170533583931305,2.03145389561811,0,0.0203530857497529,1.67135376646326,0.0947544914228929,0.70070278224783,0.0561492672961125,0,0.141792438877352,0.169106173690628,0.426101553176692,0.642845410945236,0.374036404276183,0.322096591828108,0.405675113722517,0.361055256088473,0.227500401665875,0.104856831384781,1.3297097425321,0.150165806060528
evm.TU.HIC_ASM_13.467,0,0.0427493841937948,0,0,0,0,0.0236423855750607,0,0,0,0,0,0,0,0,0,0,0,0,0,0,0,0,0
evm.TU.HIC_ASM_13.601,2.52409126530035,8.47900256912539,0.550916420957833,3.40454599090092,8.18901330054268,3.44561892089484,3.85086748356839,9.4114776177297,3.10665172479569,1.67263654475963,5.77074441072552,4.08752357488725,2.14508286636378,1.06861807687622,0.589597958669006,0.549045141021607,0.546643115889444,0.598299770854038,0.214143460771553,0.136249145441927,0.174332694098491,0.226310402115697,0.265448498775287,0.205259039381141
evm.TU.HIC_ASM_13.700,0,0.828034803146599,0,0,0.0232690757606995,0,0,0.0444412179486226,0,0.0339193505481179,0.0262656031100204,0,0,0,0,0,0,0,0,0,0,0,0,0
evm.TU.HIC_ASM_14.1052,0,2.70723089909464,0,0.227917243896419,0.232338211478881,0.148364503925342,0,3.13513747748202,0.202735324647078,0.0101042745101013,0.919213193692622,0.139140272844982,0.097186015463622,0.0732896626004168,0.0197199410801921,0.0355052055294601,0.0423557695425675,0.00994285723171964,0.0182111304547456,0.00998918276956564,0.010235116046031,0.018344086367545,0,0
evm.TU.HIC_ASM_14.256,0,0.155580217658841,0,0,0.0347200069020802,0,0,0,0.0290796627536729,0.0284159171161635,0,0,0,0,0,0,0,0,0,0,0,0,0,0
evm.TU.HIC_ASM_14.432,0,2.3693069198748,0,0,0.110572605383862,0.0375790195964599,1.03874215437842,1.52040079112267,0.351771913078301,0,0.149052941269866,0.504719364752333,0,0.00796186414161623,0.0589624746516312,0.015883835388832,0,0.0232615035271523,0.0449839012275472,0.00839987572412682,0.0264530627362981,0.030174081993728,0,0.0445200217954499
evm.TU.HIC_ASM_14.452,0.0433809042928634,5.33253168496737,0,0.189173446468622,0.231541364675257,1.10800181379552,0.964176064769709,3.67085026683625,0.8979330108676,1.2635969472113,1.11669677790456,1.95431494790892,0.0989243547606982,0.0980529755607873,0.0653494217736473,0.0567541447099549,0.0318844819476828,0.0302164664006377,0,0,0,0,0,0
evm.TU.HIC_ASM_14.487,0,0.487888128214289,0,0,0,0,0.0653769975817301,0,0,0,0.0455902146003689,0,0,0,0,0,0,0,0,0,0,0.0529685658563829,0,0
evm.TU.HIC_ASM_14.549,0,0.0920064482871339,0,0.0399609518703449,0,0,0,0,0,0,0,0,0,0,0,0,0,0.0466042083091369,0,0,0,0,0,0
evm.TU.HIC_ASM_14.971,0.0740895569166706,7.32972062557121,0,0.368765369286542,3.36328898352842,2.63521961685838,2.41801008354152,7.65532461824011,0.592941581821313,0.0819513027320431,3.37291510163984,4.69581433725142,0.0565354372677385,0,0,0,0.0569279764628833,0.028038180913029,0.0248345315648286,0.0276405314720875,0.100661946129591,0.113239082978589,0.10748255284108,0.0524548477825722
evm.TU.HIC_ASM_15.1255,0,2.72610739970599,0,0.011785675828279,0.40996183656665,0.0304641557517786,0.0551845458641066,2.1961511468436,0.0173955553126649,0.682654193866813,1.03817791542583,0.416625753295981,0.0915802396610899,0.0518013073414791,0.136341905743556,0.0435311583605469,0.0607054996525646,0.0428866338007486,0.015063610889756,0.0360381261244872,0.0177418868968774,0.0515827761992021,0.0846820415085278,0.0217028659380346
evm.TU.HIC_ASM_15.1267,0,0.0822495473819385,0,0,0,0,0,0,0,0,0,0,0,0,0,0,0,0,0,0,0,0,0,0
evm.TU.HIC_ASM_15.1428,3.19768386386751,5.08210530201019,3.66972741395142,2.40866268358066,7.42917096390897,1.98366626507916,2.05793842427824,5.61498603989555,3.20133980368161,2.08560220593687,5.29185977387339,3.29278906087611,1.63255703600766,1.05916904440389,0.553083570737905,0.651507156507505,0.753564318242006,0.589415792012437,0.322314301126475,0.235290816025007,0.342666242835922,0.275244297671268,0.279551724171082,0.20377540444384
evm.TU.HIC_ASM_15.1848,0,0.0354444413804211,0,0,0.0460509553691345,0,0,0,0,0,0,0,0,0,0,0,0,0,0,0,0,0,0,0
evm.TU.HIC_ASM_15.2110,0.418296290489617,3.98787305046604,0,0.257191296296562,2.26001180120351,0.128291200667213,0.261337038808841,4.49740711216159,0.175834982659263,0.00916655531513268,1.79296165945663,0.348084326302505,0.0158686145841111,0,0.0161834529227216,0.0065910219375099,0.0541473867418667,0,0.0440704535057601,0.0554270597965622,0.0488787910627471,0.0384019990715765,0.0235950756757611,0.00871730448844761
evm.TU.HIC_ASM_15.2123,0.242066482880841,5.48540372132245,0.0424930565990544,0.176689570162499,1.73184287734157,0.438498682327394,0.603651742129329,5.72222760488083,0.709431809981942,1.17903686836769,2.6718058872906,2.02038272007227,0.166163966594762,0.0922290918939222,0.0468598065686127,0.0575791991689205,0.0580158017610159,0.0509580873445677,0.0564304655624877,0.0152406360434777,0,0.0255896946007133,0.00767631961924914,0.0419709221132854
evm.TU.HIC_ASM_15.2140,0,0.287721686633676,0,0,0,0,0,0.197680483104342,0,0,0,0,0,0,0,0,0,0,0,0,0,0,0,0
evm.TU.HIC_ASM_15.219,0.664088207026575,5.7943501247485,0.11380849724647,1.30429179800285,3.43723741727045,1.287714792306,1.37638226219066,6.17753390593337,1.08779592413711,0.264566055634364,2.91285843076114,2.0813563315275,0.481957787516377,0.0270483344699162,0.0445507962756231,0.0225018068070367,0,0,0,0,0,0,0.017743786503007,0
evm.TU.HIC_ASM_15.2339,0,0.0561804885070949,0,0,0,0,0,0,0,0,0,0,0,0,0,0,0,0,0,0,0,0,0,0
evm.TU.HIC_ASM_15.2364,0.0189026072251062,0.644350084006857,0,0,0,0,0,0.432765966306329,0,0,0.0300219597543024,0,0,0,0,0,0,0,0,0,0,0,0,0
evm.TU.HIC_ASM_15.2484,0.00933140501417584,2.05890903924714,0,0,0.216284329288162,0,0,1.8907357864144,0,0.0759574472680757,0.604577443351078,0,0,0,0,0,0,0,0,0,0,0,0,0
evm.TU.HIC_ASM_15.2485,0,0.78602042344695,0,0,0.179944112255659,0,0,0.586915549036959,0.0332239908718948,0,0.209550685774028,0,0,0,0,0,0,0,0,0,0,0,0,0
evm.TU.HIC_ASM_15.2581,0.650306407729539,4.57578524412682,0.170672444418334,0.206625305199655,0.109173314525297,0.858010180652534,2.28076898879543,2.91015617222719,2.5069918345256,0.92093122295776,1.39942833992136,2.02121485378103,0.442425138389964,0.0944504877230053,0.399855037697406,0.146682590058486,0.206739483785984,0.117393175354163,0.0826726180171378,0.00872112753809945,0.072919381412808,0.0494411837462877,0.177387590277583,0.134550848692998
evm.TU.HIC_ASM_15.2630,0,0.16770731824246,0,0,0,0,0,0,0,0,0,0.0603167543150735,0,0,0,0,0,0,0,0,0,0,0,0
evm.TU.HIC_ASM_15.2657,0,4.36119755396677,0,0,0.164967729712205,0.112564919369039,0.653084788126311,4.11957558032576,0.356680212712449,0.113251531150303,2.353208473196,0.365125872807804,0,0,0,0,0,0,0,0,0,0,0,0
evm.TU.HIC_ASM_15.391,0,0.152668238909025,0,0.0675538225120975,0,0,0,0,0,0,0,0,0,0,0.0560498169911756,0,0,0,0,0,0,0,0,0
evm.TU.HIC_ASM_15.5,0,0.17701395161646,0,0,0,0,0,0,0,0,0,0,0,0.0761663878458888,0,0,0,0,0,0,0,0.102933991275415,0,0
evm.TU.HIC_ASM_15.71,0.276744388906422,8.058522929204,0,2.02904301842725,6.21986344799114,3.48662462585631,3.51546709624594,8.97607014398618,2.75881937875778,0.418076219686466,5.68820629664512,4.71464763938007,0.253132065284606,0.208574691783869,0.0929786542286947,0.116704539233971,0.283113399659813,0.0489954698753712,0.314045643642963,0.106144598994846,0.210324438007157,0.272913820994629,0.253205098113401,0.253021903194372
evm.TU.HIC_ASM_15.815,0,0.343873957796638,0,0,0,0,0,0.104106257111125,0.0684759157103808,0.0809504932146821,0,0,0,0,0,0,0,0,0,0,0,0,0,0
evm.TU.HIC_ASM_15.823,0.10999032632422,3.49887779294665,0,0.488087861724765,0.0899450824937449,0.578360714779626,1.04336200471088,2.06860282975461,0.787298442287291,0.945416179818619,0.728435449840978,1.18607115061764,0.132279389814758,0.152146634893337,0.106067302317864,0.19327593873459,0.0801978376113891,0.197326534067502,0.147318422665269,0.128942226308656,0.0636244272997787,0.156820711777898,0.101259657960701,0.18077590543589
evm.TU.HIC_ASM_15.986,0,0.285278511706914,0.0236371811930738,0,0.0604177551687556,0.019231256528036,0,0.544824958759597,0.0519247099193451,0.019649257780978,0.0295932901991823,0.109278531751421,0,0,0,0,0,0,0,0,0,0,0,0.0201027066908546
evm.TU.HIC_ASM_16.1050,0.00972696745565592,1.44726602765225,0.00164661769684312,0.00133964152579946,0.00287098996385843,0.00351204995099595,0.00467540402055702,0.754784051876793,0.00375812998475617,0.00553508810047351,0.000716361136127158,0.00762609237617795,0.00127574047415565,0.00101433836417058,0.00123009430920924,0.00498502550578627,0.00569220971276856,0.0102179259898754,0.00194680460101731,0.00871491400176567,0.00944320539453852,0.00150010309182371,0.0102842970978962,0.00785186157826533
evm.TU.HIC_ASM_16.1143,6.4921130767033e-06,0.00140882495596652,4.32807863051648e-06,3.36627969258807e-06,6.73256595712617e-06,4.32807863051648e-06,2.88538719647466e-06,0.000595229827030244,9.61793968852726e-06,6.25166015620432e-06,2.8372771562298e-05,3.02962777489356e-05,9.61793968852726e-06,4.32807863051648e-06,1.44269431942324e-06,2.40449454006566e-06,9.61796854295656e-07,3.84718645499876e-06,3.84718645499876e-06,3.84718645499876e-06,4.32807863051648e-06,5.28987692756487e-06,5.77076862187191e-06,9.61796854295656e-07
evm.TU.HIC_ASM_16.1150,3.90563379758839,7.61178628763021,0.804046948665653,1.21132313398164,1.62899221842793,2.24297894458397,3.0313414352971,6.80902353746259,3.75291778778047,1.99842744711898,3.8478657225424,4.1144455713948,1.76802661693601,1.32905985790866,1.13057970542193,1.07693824562325,1.18782347782366,1.01332289677444,0.543609050618103,0.43543195491795,0.658141393381502,0.587994742286483,0.3602972204301,0.290106653926387
evm.TU.HIC_ASM_16.122,0,2.31586181051199,0,0.0176749074374527,0.718301268543635,0.166529071431187,0.176267020975319,1.74103416690332,0.0547994030020214,0.118494397342607,0.30092145347962,0.911138810097222,0,0,0,0,0,0,0.00673797682366573,0,0,0,0,0.00775524461124811
evm.TU.HIC_ASM_16.1287,0.0379128112701692,2.59411030020316,0,0,0.522998149071459,0,0,2.7888144548577,0,0,0.0211271834820103,0,0,0,0,0,0,0,0,0,0,0,0,0
evm.TU.HIC_ASM_16.1288,0,1.50057594514501,0,0,0.345067790722819,0,0,1.73720722549375,0.0116134727267765,0.0131677949056687,0.0181247017567399,0,0,0,0,0,0,0,0,0,0,0,0,0
evm.TU.HIC_ASM_16.14,0,1.3310980907365,0,0.054030196961604,0,0.0738092673969533,0.566585602846856,0.0493157100607816,0.207536818027887,0.0407774311733709,0.0656306702882472,0.120472712907676,0.0446999970360396,0,0.0338596934558459,0.038549495493089,0,0,0.0114422051757389,0,0,0.0107879536215337,0,0
evm.TU.HIC_ASM_16.260,0,0.22009031138036,0,0,0.120513852893749,0,0,0,0,0,0.0279490377228366,0.0527284214999603,0,0,0,0,0,0,0,0,0,0,0,0
evm.TU.HIC_ASM_16.322,1.6799214263038,7.26517806521694,0.629436825865274,0.982049138626106,5.60736612173598,1.2513965393103,1.15195620509428,7.84715043372968,0.836064699858233,2.85637489587057,5.41569465497296,2.83017478902741,0.366246294802303,0.0710349611835034,0.0136085164785662,0.0164235771358981,0.143875759861358,0.0425635624337655,0,0,0.0139105129611582,0,0.0265219970686329,0
evm.TU.HIC_ASM_16.371_evm.TU.HIC_ASM_16.372,0.989302527765464,7.22815766452852,0.753512118691016,0.172253234560915,2.25069907614452,1.01842100625181,2.06272029233686,6.94412083987188,1.14516049173704,1.66307298316808,3.02188428854184,3.07372747752674,0,0,0,0,0,0,0,0,0,0,0,0
evm.TU.HIC_ASM_16.487,0,2.00639318297377,0,0.00909726551440576,0.229327045126555,0.0544326806361016,0.169193423460162,1.22313789573196,0.0430710136960025,0.0494225962054182,0.227454808612231,0.881507748145774,0,0,0.00837979511038032,0,0,0,0,0,0,0.009580316732448,0,0
evm.TU.HIC_ASM_16.505,1.02005053844284,8.22162509965145,1.67526358255952,1.35453848272961,6.82702624275627,1.97655048362077,3.767838742839,9.05478212761119,2.7147517186296,1.31992231709988,5.90634626820991,3.53619865482445,0.183745652253185,0.0737416429945612,0.112318921358471,0.0209072732766131,0.125340313528133,0.171765347212431,0.141888766146207,0.0489276024616212,0.0451791976713644,0.0448687603378976,0.120519161193597,0.101438070397723
evm.TU.HIC_ASM_16.506,0.242571411057345,6.23015690027399,0.118178962417601,0.353017968775967,3.78983665878765,0.70326492797138,2.3152130000897,6.88469423622764,1.69887306294601,0.267227750541404,3.42297268574089,2.11074363536452,0,0.0111783441455686,0,0,0,0,0,0,0,0,0,0
evm.TU.HIC_ASM_16.515,0,0.260419557321313,0,0,0,0,0,0,0.0599634253708315,0,0,0,0,0,0,0,0,0,0,0,0,0,0,0
evm.TU.HIC_ASM_16.795,0.0401630103926999,1.01357802808868,0,0.0301255743376425,0.166406523495956,0.0390658473387585,0.0751506001238553,0.313417687723533,0.0469547714326033,0.340599106983546,0.171479282707706,0.0263194354550175,0,0,0,0,0,0,0,0,0,0,0,0
evm.TU.HIC_ASM_16.988,0,2.09542892525374,0,0,0,0,0,1.58214280464031,0,0,0.175912886890106,0,0,0,0,0,0,0,0,0,0,0,0,0
evm.TU.HIC_ASM_17.1019,0,0.219812225489851,0,0,0.00322322509065261,0.044349351399569,0,0,0,0.0227692855603797,0.036400644660445,0.0410424771519081,0,0,0,0,0,0,0,0,0,0,0,0
evm.TU.HIC_ASM_17.1028,5.33787290125879e-05,0.00711869917617861,6.34771853111816e-05,0.000131760082028217,6.05919192960788e-05,5.09742761489231e-05,3.51051041287783e-05,6.39580143317661e-05,8.27120965317588e-05,8.55973183091132e-05,6.8766872773621e-05,6.34771853111816e-05,4.85699635425541e-05,6.34771853111816e-05,3.41434266946536e-05,5.33787290125879e-05,6.63624455563324e-05,6.73242457768053e-05,4.95316313599111e-05,5.6744840878108e-05,5.96301145873598e-05,3.75095834407589e-05,5.19360866279441e-05,4.08757323325038e-05
evm.TU.HIC_ASM_17.1117,0,0.259623813951934,0,0,0,0,0,0.0292766531372859,0,0,0,0.0381388083315114,0,0,0,0.0502258438042631,0,0,0,0,0,0,0,0
evm.TU.HIC_ASM_17.1127,0,0.816250304719222,0,0,0.0687863592042746,0,0.0119006243475547,0.032523595984019,0,0,0,0,0,0,0,0,0,0,0,0,0,0,0,0
evm.TU.HIC_ASM_17.1191,0.124247394763583,6.68364579769977,0,0.0466177114550466,0.973317870389529,0.127281972076729,0.613497077798352,6.06136416444275,0.806198928745084,0.385101135056031,1.8028523281435,0.971479177277585,0,0,0,0,0,0.00895054933065921,0.0228762623257444,0,0,0,0,0.00767679748719274
evm.TU.HIC_ASM_17.1393,0,0.107580751088802,0,0,0,0,0,0.221611093485749,0,0,0,0,0,0,0,0,0,0,0,0,0,0,0,0
evm.TU.HIC_ASM_17.418,0.132141171823314,4.49017166569062,0,0.302084261415198,0.675881253299304,0.51212640467898,0.268235153755133,4.61048435802324,0.23507918168273,0.00835636785253643,1.41658630243437,0.474200312416127,0.311782481832385,0.0523741569502825,0.0583285040286436,0.0338822409531928,0.0744392147304214,0.120304601406393,0.0145814398395662,0,0,0,0,0
evm.TU.HIC_ASM_17.468,0,0.390945523410104,0,0.0518750715282101,0.402681070364298,0.0235316801924777,0.0253610128046953,1.08134303646266,0,0,0.327033884565126,0.097512815429622,0,0,0,0,0,0,0,0,0,0,0,0
evm.TU.HIC_ASM_17.475,0,0.0123362503763834,0,0,0,0,0,0,0,0,0,0,0,0,0,0,0,0,0,0.00404157367399383,0,0,0,0
evm.TU.HIC_ASM_17.513,4.08067974698327,7.94800382817904,4.47156434613014,2.21750392344972,4.35679097582834,2.53730899039939,3.68044120028252,6.36853759370138,4.33912697808976,4.78665922595757,5.05029584274157,4.89128588062374,1.85912382027894,1.4248912819098,1.24710316987047,0.981821485626841,0.867208549498321,0.753183474864655,0.704571593290093,0.601352636827063,0.530345467545521,0.525795274802918,0.396527424762349,0.335091029188512
evm.TU.HIC_ASM_17.521,0,0.110452782562092,0,0,0,0,0.0175095831215058,0,0.063541597731968,0,0.0357623075131897,0,0,0,0,0,0,0,0,0,0,0,0,0
evm.TU.HIC_ASM_17.680,2.61118631107452,9.61892282811239,3.1740509744623,3.07392035028346,4.62915779600831,3.9601742266143,4.2487334510924,8.7040113736796,3.08045181734695,2.92544241804147,5.20472714914931,5.19042302787717,3.09984928136487,3.19774196458251,3.03388353319596,2.97819373788246,2.92412313831402,3.06666798987317,3.04344635093211,3.02444456780717,2.95374419516771,2.8848361038559,3.00727780211716,2.84778576330555
evm.TU.HIC_ASM_17.737_evm.TU.HIC_ASM_17.738,2.01316582922199,8.14749565340292,2.06187882397886,0.134812356351758,3.03558361927003,1.60624574906358,1.13922236699795,7.56111591677445,0.717961872825135,3.92190521903978,3.41735139361097,2.21444657752018,0.260149740469974,0.127104525236899,0.0587094744519292,0.0733413120158044,0.016994484976745,0.0174677730211573,0.0900571316084897,0.0163270560942906,0,0.0129404726394317,0.019533026340615,0.0183963163567225
evm.TU.HIC_ASM_17.741,0.0684004734665345,2.21821885653732,0,0,0.0805157743025739,0,0,1.22843350983202,0.0141838734817431,0.130404200555696,1.75752568340982,0.128526131317393,0,0,0,0,0,0,0,0,0,0,0,0
evm.TU.HIC_ASM_18.139,0.0362079070679866,4.98172262225672,0.113051006883628,0.0116325552638102,0.500885655577075,0.0186389209254881,0.825906084419579,4.85141364765884,0.423696127790112,0,0.766977002853039,0.386548313451942,0,0,0,0,0,0,0,0,0,0,0,0
evm.TU.HIC_ASM_18.16,0.0842643227762937,2.17761136630034,0.141288906642564,0.371138398618357,0.0359973195516456,0.0513934485769067,0.0623764176839689,0.119808560505234,0.342514544015095,0.275206546506711,0.102485692297183,0.0826430997521332,0.0539945280129785,0.0599971022767852,0.0612964865316778,0.0948666188379538,0.04599412735115,0.408456808039371,0.144258297049364,0.0971869150530265,0.207824983421928,0.166460514617344,0.0394772056253805,0.132526394509531
evm.TU.HIC_ASM_18.472,0,0.180972113773258,0,0,0.0625716782871936,0,0,0,0,0.0414705609906636,0,0,0,0,0,0,0,0,0,0,0,0,0,0
evm.TU.HIC_ASM_18.546,0,0.146048432795482,0,0,0,0,0,0,0,0,0,0,0,0,0.029695523684051,0,0,0.0476993767301828,0,0,0,0,0.0493003736396885,0
evm.TU.HIC_ASM_18.65,0.0296281541947095,3.93169582003287,0,0.00956216295198186,0.197563488093522,0,0.068010355703562,3.9293347035542,0.0271960532807119,0,0.493828684098142,0.0302447219801512,0,0,0,0,0,0,0,0,0,0,0,0
evm.TU.HIC_ASM_18.886,0.0348481646532076,1.69151652194627,0.0360038866735549,0.0176972333193734,0.063502021466063,0.0437518459655335,0.014271489959027,2.28801465683784,0.0158562474728492,0.083201111672677,0.0104733677534329,0.0183293672740627,0.00275531971214871,0.0432852376635313,0.0240595833716948,0.0488304424414477,0.00327216642457815,0.0494351431354451,0.0452239398872718,0.0303327825948265,0.0423198107827638,0.0281490121762167,0.033980882110974,0.0584767481137538
evm.TU.HIC_ASM_18.945,0,0.285408137598993,0,0,0,0,0,0.260543607956918,0,0.0278117747392857,0.0277900746717425,0,0,0,0,0,0,0,0,0,0,0,0,0
evm.TU.HIC_ASM_18.973,0.19097130248353,2.34668562303121,0.0628318294995286,0.23343448824625,0.354467958483345,0.245158122751511,0.370237948193352,0.234652142674094,0.248173712793749,0.215834712301004,0.226212151310177,0.212873927940283,0.249599463048928,0.212897578593626,0.152405404992216,0.213947774566491,0.286446302459676,0.172805376487378,0.359148922829652,0.105620869075037,0.274794005328678,0.154416433406412,0.135815458150842,0.213233209276538
evm.TU.HIC_ASM_18.995,0.743191795741629,6.89265382628108,0.0244700407542234,0.284171383760997,1.82145498317532,1.80929767917582,3.57510123637284,6.40638303095482,1.79448684707156,0.118450985655628,1.39480166453984,2.85570770656293,0.19976216207456,0.116410006564613,0.0923702842740635,0.0829273543341354,0.0563199350010778,0.0292705275039264,0,0.0118462512750655,0.0309683480875445,0.0281881554387257,0.0337666813042504,0
evm.TU.HIC_ASM_2.1337,1.08025583558028,6.85169143239116,0.131842312422214,2.26898266112285,3.18349831846729,1.89178908104084,0.588338621187246,7.13559408442193,1.4166338595038,0.580369993727596,3.6895853225884,1.7696680814831,0.218476583485825,0.0510713493820985,0.0310987216282829,0.0101739944382681,0.00570610126066947,0.022825141449063,0,0.0154642662770814,0,0,0,0
evm.TU.HIC_ASM_2.247,0,0.0377266001764003,0,0,0.00654697980230441,0.00272508060588013,0,0.00545700019931482,0,0,0,0,0,0,0,0,0,0,0,0,0,0,0.00530224768183752,0
evm.TU.HIC_ASM_2.456,0.114809428017515,5.58891334658099,0,0.652220303165736,1.38909244338356,2.18868238821783,1.74033870836347,4.95922663152697,0.330102095504175,0.0651504011894653,2.95320519538699,3.15102068044885,0.516219934631531,0.184776238511434,0.0467522652782335,0.0487142147473364,0.150436630236883,0.0495238970023985,0.0407980013255619,0,0.00570945377826204,0,0.0109297094418014,0
evm.TU.HIC_ASM_2.614,0,0.100168973833184,0,0,0.0350143302810145,0,0,0.204227125614207,0,0,0,0,0,0,0,0,0,0,0,0,0,0,0,0
evm.TU.HIC_ASM_2.764,0.0675010485665715,5.97062934290868,0,0.171678679370105,2.13421874876857,0.48181798378952,1.36289606510239,5.37363110245681,0.856094641186497,0.203710683236393,2.14453643287437,0.63141258327729,0,0,0,0,0,0,0,0.0607511461471976,0,0.125349131576422,0,0.0210323984410912
evm.TU.HIC_ASM_2.794,0,0.244707471981461,0,0,0,0,0,0,0,0,0,0,0,0,0,0,0,0,0,0,0,0,0,0
evm.TU.HIC_ASM_2.953,0.102186449180655,5.02040258986253,0,0,0.230314111365812,0.0692686290282489,0.675952894453976,4.02455032794044,0.936913151735849,0.276277093675308,0.132167938442147,0,0,0,0,0,0,0,0,0,0,0,0,0
evm.TU.HIC_ASM_3.1078,4.35554713104477,10.9654747327755,1.23632116857127,5.29265983892246,10.6925359202669,5.28300820827791,6.9459557963345,12.1643104968918,5.74016560105134,3.2875982767601,8.81566520482536,6.50942716404722,3.18881640193247,1.7440755360496,1.06993721261016,0.906216410983621,0.762003179783566,0.657382385007053,0.220443054022384,0.134284035749399,0.214945829573066,0.252585206915126,0.178923661471373,0.387111407319091
evm.TU.HIC_ASM_3.1095,0.52116383573746,6.6205740140708,0,0.565353781443817,1.01044496075304,1.62648570730974,3.19669511173895,6.21169583796631,1.38478441748371,1.037552312926,3.73267976855815,2.76624135235192,0.806166751124301,0.608544014999411,0.48060946622478,0.54424269136202,0.853028737509053,0.609918508761933,0.423453033743332,0.435080567734903,0.513215149859333,0.487714088877075,0.402824027301961,0.346128986449735
evm.TU.HIC_ASM_3.1299,0.865419623000776,3.93926781715022,0,0.133009750728059,1.65261085388618,0.332146116282615,0.663342797492744,4.37268217101767,0.284429638351784,0.108605189239163,2.03919326898104,0.260144921853287,0.0699372126101591,0.0419872713231831,0.0162471721213265,0.0702816947044402,0.0178905602088905,0,0.0142214918059126,0.0297652444786018,0.0152182706851778,0,0.0311297837342123,0
evm.TU.HIC_ASM_3.1465,5.02789480873048,8.91225234903038,2.09791413518699,1.09160551315184,6.2288146701801,2.85514030311787,3.77359587209874,8.01994635471669,4.90559773057617,2.45446098157248,5.55795202530498,4.07170916178928,1.40318626749599,1.21728635477627,1.0472014644278,1.26609368107371,1.32156660659784,1.22262859158679,0.982164046772574,0.700030674315031,0.940418111287101,0.794494332685439,0.650739442220843,0.74190902127196
evm.TU.HIC_ASM_3.1695,0.000126951577810855,0.809171985238678,0.000685117441908386,0.00218643033501053,0.00163989230379241,0.00104124997349716,0.00247498321963005,0.663880757751513,6.29963561303439e-05,0.00242985603230588,7.26137748713441e-05,0.000338513199774988,0.000370724989387497,0.000266393568822349,0.000136087765397723,0.000263026936373737,0.000263989038222407,0.000609169097650049,0.000419282906549383,0.000236582587463911,7.11711517212459e-05,0.000668293412137157,8.41547081415392e-05,0.000365917714274598
evm.TU.HIC_ASM_3.1710,0,0.164321606611248,0,0,0.0155408624424908,0.0253213207008456,0.0300770650505314,0.0322245315039771,0,0,0.0221845569245346,0.0495308670431246,0,0,0,0,0,0,0,0,0,0,0.0230149427213985,0
evm.TU.HIC_ASM_3.1711,0,0.185010186452162,0,0,0,0.0300516320984311,0,0.334543105509295,0,0,0,0.0977366332469662,0,0,0,0,0,0,0,0,0,0,0,0
evm.TU.HIC_ASM_3.1726,0,2.71124323903886,0.264094397189726,0,1.70429550901029,0.13834921974181,0.0400264373661874,1.75363648186659,0.0155361054517854,0.210351871374947,0.559749248281576,0.518085222924673,0,0.0224828689187786,0,0,0,0,0.0197242104016611,0,0,0,0,0
evm.TU.HIC_ASM_3.1799,0,0.241443616686566,0,0,0,0,0,0,0,0,0,0,0,0,0,0,0,0,0,0,0,0,0,0
evm.TU.HIC_ASM_3.1850,0,0.195978088365297,0,0,0,0,0,0,0,0,0.0362458938862838,0,0,0,0,0,0,0,0,0,0,0,0,0
evm.TU.HIC_ASM_3.1877,0,0.834815966141306,0,0,0,0,0,0.424090799461015,0.128311440524777,0.137499152377339,0,0,0,0,0,0,0,0,0,0,0,0,0,0
evm.TU.HIC_ASM_3.2034,0,6.86389506859573,0.0532197952386947,0.498117401083314,3.86790555491906,0.433002865939488,0.874104725564175,6.41906494902759,0.143504006270849,2.65551906460136,2.94734647831631,0.703842533518337,0.848909523205609,0.911667808362834,0.754271250442591,0.94990964292373,0.922156483186124,0.754142380711343,0.863948491387976,0.853102216649849,0.983848887027252,0.906017789684665,0.861434020866087,0.706712659881977
evm.TU.HIC_ASM_3.2255,0,0.094238097050488,0,0,0,0,0.040187329876064,0.014517169991166,0,0,0.0430392736396225,0,0,0,0,0,0,0,0,0,0,0,0,0
evm.TU.HIC_ASM_3.392,0,0.14332092291542,0,0,0,0,0,0,0,0.027527772957792,0,0,0.0165776162880944,0.0201098203320308,0,0,0,0,0,0.0731104762012136,0,0,0,0
evm.TU.HIC_ASM_3.452,0.0711269747444029,0.426010818027819,0,0,0,0.0850932919309541,0.111875753801012,0.122143468382066,0.0796350229694046,0,0,0,0,0,0,0,0,0,0,0,0,0,0,0
evm.TU.HIC_ASM_3.497,0,3.53715210106168,0.156733141464511,0.0777839655714255,0.0807617969302744,0.0220851058841675,0.434282873493658,2.41589726971036,0.486673189355189,0.555851159129518,2.42230163472869,0.426193893149615,0.0219093918165171,0,0,0,0.0369613603937053,0,0.0187675667049449,0,0,0,0.0384792609825593,0.0405268309967256
evm.TU.HIC_ASM_3.627,0.705975690653945,6.55141222598267,0.152139277429127,1.19412782722199,5.45432342391684,1.66917616880668,1.56304013851109,7.33038900338333,1.69024826820826,0.468518327279275,4.13782648160755,2.75879593196919,0.320388013345139,0.062907334228053,0.056638553647954,0.0506145314634744,0.0786722230769511,0.0909744397197546,0.0122835630718484,0.0280428968588744,0.0168409665983582,0.041852739015194,0.0312375541727929,0.0239399223813295
evm.TU.HIC_ASM_3.681,0,1.25030129855562,0,0.177181325395912,0.0909473488731627,0,0,0,0,0.511642778482517,0,0.246848682572159,0,0,0.0858733040759006,0,0,0.0330007477111628,0.0223607105123085,0,0.0592006614359531,0.046727589706287,0,0.0324281461340438
evm.TU.HIC_ASM_3.690,0,0.145791562155151,0,0,0,0.0315283542704387,0,0.0112914329445128,0,0.022339875789719,0.0760144758690859,0.0093280609026839,0,0,0,0,0,0,0,0,0,0,0,0
evm.TU.HIC_ASM_3.733,1.61378150983345,6.59774632592595,0.390554334356864,0.395399571901611,0.415363511880681,1.81729743767208,3.78755996207233,4.95437358018905,4.15358524102576,1.99131824058032,2.54091346738892,3.63736440492898,0.883715168583751,0.438698098268977,0.346745515314203,0.259758175384972,0.334889728595578,0.299678787987248,0.230728502647981,0.048570543802369,0.153115271059996,0,0.145105262459063,0.167028155226909
evm.TU.HIC_ASM_3.823,0.0671540661523708,1.73952259570751,0,0,0.866933555248179,0,0.0897562033936056,0.670475991256694,0,0.320406885341642,0.668253793846731,0.0382151486208524,0,0,0,0,0,0,0,0,0,0,0,0
evm.TU.HIC_ASM_3.837,0.125456040337388,4.89100313682844,0,0.00686529460357187,0.827184912248963,1.21711757160561,1.16020102743935,4.56146597943717,0.209109364910642,0,1.16626596548887,1.88185239901296,0.253975555421067,0,0,0.011275686934107,0,0,0,0,0,0,0,0
evm.TU.HIC_ASM_3.979,0.506833961131952,4.81596594367672,1.33768711836166,0.152998498087631,0.33847119642481,0.53535128138192,1.59405960662515,3.58249398265376,1.79240547239587,0.970607541226125,2.48058017095671,2.812194388874,0.0543613617567951,0.0442514166460859,0,0.0166023366141912,0.0956305635456915,0,0.016730687812641,0,0.0508657059067484,0.038453506535471,0.00951152406210261,0
evm.TU.HIC_ASM_4.1037,0,4.61714026793602,0,0.0868983254362124,0.340143689456647,0.462921688237136,0.296504786313633,4.10278246566051,0.159977870324834,0.263088105550541,0.495685953902929,1.508371687519,0,0,0,0,0,0,0,0,0,0,0,0
evm.TU.HIC_ASM_4.1168,2.06041665941661,6.61108664369084,0,0.06443360557914,0.801655613500058,1.69986060046196,4.01159981808924,5.2685782542856,2.93615301776485,0.0990406480539906,2.91170787800336,3.69936362129624,0,0,0,0,0,0,0,0,0,0,0,0
evm.TU.HIC_ASM_4.1241,0.0354022102885574,5.32595622350987,0.047969667078266,0.231172273470928,0.817796779755788,0.810557171576963,0.502985343987507,4.85367023934809,0.112603616725244,0.322212759007509,1.7751141914892,1.51799908549934,0.0890488210282529,0.0478021956658623,0.0346406659153188,0.0312366139181887,0.0698593259135613,0.0119049168712647,0.0102074198997098,0.00583159334183719,0.00286139060594219,0.0129576302865761,0,0.00908053929826447
evm.TU.HIC_ASM_4.185,4.95921241704012,10.3416860761105,3.29118624764497,1.88371060737809,4.39222568300633,3.43189877022116,4.28710177235149,9.60995193497011,5.10418040118909,3.26822252523025,6.56923455391438,5.56700997560375,1.33066470983151,0.885059665786737,0.552217364325587,0.783470624022886,1.19050887938397,0.423606854647186,0.397489750801771,0.240908179757159,0.42483360772408,0.232193288387864,0.191919279489736,0.513348574251594
evm.TU.HIC_ASM_4.671,0.170521833121013,0.424896296783888,0,0,0.355183572175058,0,0.0431606275917358,0.963079239817186,0,0,0.0473047844724482,0,0,0,0,0.0375827683300557,0,0,0,0,0,0,0,0
evm.TU.HIC_ASM_4.767,0,0.29037957699427,0,0,0,0.0159337759658106,0,0.480415416159997,0,0,0,0,0,0,0,0,0,0,0,0,0,0,0,0
evm.TU.HIC_ASM_4.770,0,0.360073741609901,0,0,0,0,0,0,0,0,0,0,0,0,0,0,0,0,0,0,0,0,0,0
evm.TU.HIC_ASM_4.793,0,3.6421479512411,0,0,0.0556126189376034,0.0239139084878166,0.16501448260911,2.93490934424723,0,0.0430252706575033,0.735229564737472,0.387967581500122,0,0,0,0,0,0,0,0,0,0,0,0
evm.TU.HIC_ASM_4.909,0,0.0921472117656023,0,0,0,0,0,0,0.00600879802657056,0,0,0,0,0,0,0,0,0.0117623023811929,0,0,0,0,0,0
evm.TU.HIC_ASM_5.1067,1.07056484511096,5.31972287402064,0,0.217385423162097,0.490284301679,1.2539013511,1.64815554876425,4.74543600746456,1.87173012049838,0.0501022958201141,2.20055289873408,2.78848032240485,0,0,0.156761182091797,0,0.0753984525776922,0.0275782561532515,0.143554506944808,0,0.0252537480523708,0,0.049107957412342,0
evm.TU.HIC_ASM_5.1198,0,1.23173130045581,0,0,0.136106056031531,0,0,0.153090187725139,0,0,0,0.0559452720888896,0,0,0,0,0,0,0,0,0,0,0,0
evm.TU.HIC_ASM_5.1199,0.0170510410870495,0.901703352668474,0,0.00561125612930292,0.253251095047262,0.0150007902908991,0,0.257398906857652,0.0659816949061851,0,0.0874868298445839,0.0731516177990788,0,0,0,0,0,0,0,0,0,0,0,0
evm.TU.HIC_ASM_5.1296,0,0.193690382562539,0,0,0,0.0304505005636387,0.042341759924666,0,0,0,0,0,0,0,0,0,0,0.0571799039968055,0,0,0,0,0,0
evm.TU.HIC_ASM_5.171,0,3.09805600833245,0.0863000697792417,0,0.610404627086748,0.0155946211989033,0,2.3373800856464,0,1.18475804542689,0.530324157725294,0.0327436227126063,0,0,0,0,0,0,0,0,0,0,0,0
evm.TU.HIC_ASM_5.405,0.138756157161351,2.92314680292414,0,0.111952739906853,1.26829784312544,0.0196378723041526,0.0266253916835055,3.3920442924189,0.928726570220058,1.37753821544726,0.0647683693291466,0,0,0,0,0,0,0,0,0,0,0,0,0
evm.TU.HIC_ASM_5.422,1.68768579541834,7.36255393976983,0.337588935922692,0.87845122652868,1.32383004393536,2.36253422520225,4.59085597883158,5.53150485635433,5.00871282259155,2.44500976770541,3.00903382561389,3.95984259689631,1.60676310704564,1.45743949942017,1.31461300642037,1.32585476374838,0.772017379479383,1.18253022355133,1.12007164739599,1.07929913956016,1.04039076026402,1.04074073249126,1.03289898438729,0.753926525110105
evm.TU.HIC_ASM_5.560,0,0.160677567899678,0,0,0,0,0,0,0,0,0,0,0.041514016596524,0,0,0,0,0,0,0,0,0,0,0
evm.TU.HIC_ASM_5.66,2.67792616301016,7.90460213695775,1.22606085497361,0.873569382371544,6.38686929909976,2.75232970659906,2.82949516667792,8.78464910003382,3.14112249523577,3.08985917484285,5.31734495475576,4.03525497863598,0.94179943978359,0.33232564599204,0.246020073245077,0.172592907765878,0.266594668232207,0.147773409053656,0.0402878796359995,0.0293525209018284,0.0281631602954912,0.0261111781329327,0.0698744453358044,0.0305248941350591
evm.TU.HIC_ASM_5.705,0.394642546526691,7.52295876777004,0,0.0891537069608141,3.22934319752802,1.94217841611888,3.97267393836064,6.37500594183468,3.7816146199392,0.473751936418905,1.68317871255571,3.48787981211428,0.182402034938089,0,0.0184575649237848,0,0.0605358106693948,0.0791889823537984,0,0.0198053251091915,0,0.0312046124250322,0,0.0149769934192435
evm.TU.HIC_ASM_6.1090,0.0416817527699666,4.72426807607746,0,0.0134998969512951,2.1348434538834,0.194024837073391,0.526284197973379,4.37128985993789,0.0915459380065353,0.0568725003719021,1.18844797949642,0.653250834735031,0.0410046164217716,0,0,0.0279688477966712,0,0.014615240346319,0,0,0,0,0.0150583754684241,0
evm.TU.HIC_ASM_6.1165,2.36561401818873,8.1721172258381,2.82012993548519,1.74642700227919,3.20650069767595,3.51510661888849,4.45032222562496,7.55104040126691,4.06665059793116,3.09867366232436,3.3331169852961,5.10516029873047,0.554819009356591,0.443382804218171,0.307491089584934,0.345240041460217,0.441792241708985,0.320973676553015,0.312291093016739,0.252937560560207,0.247776047418967,0.358988447741488,0.222732445506961,0.234144843171908
evm.TU.HIC_ASM_6.1181,2.74768568334415,9.09084365820166,0,0.153135597673692,4.83490758257863,0.472510646446005,0.0686176180857887,8.8571047311695,0.898512792319589,2.47572746565322,5.35421928610903,1.24472654763217,0.404464289788512,0.101701167837973,0.0765682164378461,0.0694230857144629,0.0841109923796951,0,0.019678670321289,0,0.0801400652224448,0,0.00886452043378594,0
evm.TU.HIC_ASM_6.1220_evm.TU.HIC_ASM_6.1221,1.21652501923876,9.09898668507511,0.0336717844091542,0.958349012810154,3.82809314415879,2.22084027742329,2.77328337895605,8.56350576070537,1.95143859423125,0.682724599808601,4.78512257958236,4.0540283148341,0.842847190064493,0.592091966811226,0.394641449100149,0.33301949348617,0.612729618779465,0.39948394011085,0.27085820764631,0.230262457818985,0.252605793515685,0.206525286969492,0.221372693530364,0.270421695172794
evm.TU.HIC_ASM_6.139,0,0.102695751791642,0,0,0,0,0,0,0.0271158245339814,0,0,0,0,0,0.0134565426136482,0.0185985691824015,0,0,0,0,0,0,0,0.0151759201649258
evm.TU.HIC_ASM_6.1778,0.272662851121119,2.35155229164331,0,0.0360915950591002,0.348347255687264,0.0513317265783208,0.178150304653843,1.20259659087924,0.474663084169209,0.577597852321812,0.61421543485053,0.613447414984111,0,0.0548220881085228,0,0,0,0,0.000319762442547133,0.00849931940992103,0,0.0151002554517714,0.024812314443463,0.0266206696854531
evm.TU.HIC_ASM_6.1873,0.252945430019956,4.09552791967004,0,0.0523398383279078,0.153702453016799,0.546521296562626,0.8098761973903,3.17715351937015,0.316711121599712,1.24631078946326,1.7791172301258,1.94263335674545,0.0684818784966654,0.0488732125120057,0.0122840394161562,0.0458282908253025,0.0377045807065582,0.0345711789336126,0,0,0,0,0,0.0126606784008215
evm.TU.HIC_ASM_6.2027,0,3.8696171359078,0.385345991610795,0.0317363025054865,0.74741948277116,0.181460078494408,0.480912724004987,3.19793593122205,0.266491126848594,0.602286149740116,0.549986175954517,0.483766429608662,0,0,0,0,0.0792581735845871,0.0658815418110857,0,0,0.109000314770765,0,0,0
evm.TU.HIC_ASM_6.213,0.00127910330277991,0.043947776654574,0,0,0,0,0,0,0,0,0,0,0,0,0,0,0,0,0,0,0,0,0,0
evm.TU.HIC_ASM_6.2307,4.32396017781523,9.47768308449305,2.10874556943815,1.86321692250651,3.21235138781731,5.41913576811355,6.4412181343817,8.88838545055692,5.48052876244051,4.51914079268514,5.61811665371248,5.60700402565029,1.74109760918838,1.42386264831073,1.23973387788996,1.01343462625937,1.13249963388239,0.99118591481979,1.65620406442821,0.703462214242229,0.752656118969163,0.842000483594512,1.06258779501037,0.657099103069473
evm.TU.HIC_ASM_6.2351,0.508387576974079,7.96488339529087,0.327650577857408,0.146912808156751,2.11801268881382,0.958468299357866,1.46547685545502,7.09202902825762,0.558336215551511,3.68345407577586,4.29018656444794,1.60800094955137,0.058832748789646,0.11812402043538,0.0536554017412758,0,0.158266355355699,0.0429650562855935,0.0136485321377669,0,0.0271781198168918,0.0563597087757505,0,0.0300502191435014
evm.TU.HIC_ASM_6.2382,0,0.134631014370336,0,0.0288883018559346,0,0,0,0,0,0,0,0,0,0.0129352295077204,0,0,0,0,0.0188719927121242,0,0,0,0,0
evm.TU.HIC_ASM_6.2579,0,0.102427012924857,0,0,0,0,0,0,0,0,0,0.0313994311862684,0,0,0,0,0,0,0,0,0,0,0,0
evm.TU.HIC_ASM_6.2581,0,5.49276552074263,0,0.363710853083656,0.739269757210947,1.18135278685386,0.87100985073933,4.95330264847841,0.111227221080612,0.360692392647699,2.06779013684344,2.24064781531683,0,0,0,0,0,0,0,0,0,0,0,0
evm.TU.HIC_ASM_6.2660,0,0.0857428027350507,0,0,0.106376909108823,0.0197009652164977,0,0,0,0,0.010671006039791,0,0,0,0,0,0,0,0,0,0,0,0,0
evm.TU.HIC_ASM_6.3034,0,0.0788987546290227,0,0,0,0,0,0,0,0,0,0,0,0,0,0,0,0,0,0,0,0,0,0
evm.TU.HIC_ASM_6.3035,0,0.0139495672271995,0,0,0,0,0,0,0,0,0,0,0,0,0,0,0,0,0,0,0,0,0,0
evm.TU.HIC_ASM_6.3126,0.938139726910029,8.17505037039287,0.0817718257770309,2.43217996323749,5.44080611676487,3.88206689994726,2.86646313627924,9.04625155890834,1.40812886891618,0.459351874743913,5.6380326705361,5.38617258062855,0.673631496449652,0.18924051108312,0.136636771613103,0.130010501833911,0.145386170278638,0.117939239024871,0.281484216310479,0.0912069490176706,0.147229406032766,0.0850910260648445,0.188904735374395,0.103303813067907
evm.TU.HIC_ASM_6.3207,0,0.0577503908526161,0,0,0,0,0,0,0,0,0,0,0,0,0,0,0,0,0,0,0,0,0,0
evm.TU.HIC_ASM_6.3446,0.626308295262651,5.04990022422823,0.538201412717335,0.186200916294852,0.402621410572314,0.998309132490005,2.50394392560003,2.44391283816481,0.86535481994281,1.05684591755347,1.41037041414789,2.26401860932511,0.316368598867263,0.272830633331802,0.248595958723917,0.139520138443279,0.080970497115017,0.12643372661859,0.0380292098057304,0.0175466402189519,0.0287742266216586,0.153608208323291,0.057554246458089,0.0462782436619079
evm.TU.HIC_ASM_6.3674,0,1.33079902034927,0,0,0.0117699352112952,0.124406223721299,0.156833220464419,0.81823676725073,0.303429296124832,0.0118715307160564,0.156229619350644,0.180578186138582,0,0,0,0,0,0,0,0,0.0207475338125628,0,0,0
evm.TU.HIC_ASM_6.3699,0.263940614547053,3.57037421712617,0.151544532091796,0.117898025554341,1.06877810604409,0.226789232457864,0.502902881146362,2.94810908873714,0.0723825339669328,0.233704849580294,1.22493180162484,0.85266181853109,0.331229398318782,0.0401386904993758,0.180615950577436,0.0111788222864929,0.201072982867302,0.0521575673987287,0.124197536071377,0.0548586615880559,0.0837198823248332,0.0550660516391972,0.0399492582702986,0.0584712065528695
evm.TU.HIC_ASM_6.382,0.840611473869362,6.46199950956203,0.875791069964142,0.690173310208992,1.11136500856362,1.40759567291753,3.25001699622739,4.96358722313359,3.03395839533882,0.652510357986694,2.29214711827313,2.80548645304873,0.21061828085143,0.0548156060906745,0.185029644762707,0.0496953502300981,0.0856983928836205,0.0992350482557246,0,0.158112935696447,0.063713694303059,0.0530492234507892,0,0.152922373887878
evm.TU.HIC_ASM_6.387,0,0.565300808055659,0,0,0.198753124014048,0,0.0609166592893857,0,0.0542687367020175,0,0,0.0585307772168984,0,0,0,0,0,0,0,0,0,0,0.0499262460135271,0
evm.TU.HIC_ASM_6.3953,0,0.0427717931847739,0,0,0,0,0,0,0,0,0,0,0,0,0,0,0,0,0,0,0,0,0,0
evm.TU.HIC_ASM_6.3957,0,1.57594010531352,0,0.0140924414220197,0.0104007976312359,0.0252896612124153,0.00872160649409359,0.541096821579376,0.00404780880915907,0.616298093544329,0.33190772640497,0.0275631582296238,0.0302579086697113,0,0.022317621638334,0,0,0,0,0,0,0,0,0
evm.TU.HIC_ASM_6.4017,0,4.72288978122288,0,0.598403956506791,3.32142171629802,1.03359449928268,0.604913282488682,5.84402887733238,0.124481661351168,0.0473466685861999,3.01376619121793,1.46294349444662,0.0670966862216105,0.0503535608453298,0.01748962890554,0,0.0624551694621048,0.0194262753674013,0.117762411631007,0.0328691357504943,0.0742017027010707,0.0300968459255317,0.0553442205763044,0.0942558917312938
evm.TU.HIC_ASM_6.4057,0,0.0674941648062758,0,0,0,0,0,0,0,0,0,0,0,0,0,0,0,0,0,0,0,0,0,0
evm.TU.HIC_ASM_6.4158,0,2.03839877926722,0,0,0,0,0,0.686440763521899,0,0.0570403090138673,0.360063063195894,0,0,0,0,0,0,0,0,0,0,0,0,0
evm.TU.HIC_ASM_6.471,0,2.47897969778243,0,0,0,0.179700849319081,0.0777279186806767,2.14165371268753,0,0,0.215032422709959,0.489840897436551,0,0,0,0,0,0,0,0,0,0,0,0
evm.TU.HIC_ASM_6.486,1.43092858757363,3.17191366769481,0.256482942024315,1.93351296534724,6.03573241567052,1.62370535709955,3.13861233329817,4.36689621712336,2.11809244941614,0.804111672957421,3.78411565201917,2.80840543977812,0.86384755222407,0.153694238447728,0.133287322495114,0.142180757985773,0.117737591573468,0.148603130863921,0.0104853027232913,0,0.05879719838255,0.0281980588680833,0.0289029136157128,0.0394355612860683
evm.TU.HIC_ASM_6.635,0,0.317807071350853,0,0,0,0,0.0128723161603737,0.0384961175769214,0,0.0119602420662223,0,0.0377158244939205,0,0.0270846758837857,0,0,0.0278358320823228,0,0,0,0,0,0,0
evm.TU.HIC_ASM_6.638,0.226411113777734,6.32940172790248,0,0.81043899066742,1.28358085726053,1.51685529740952,1.80057069499218,5.82305474329956,0.217442088756566,0.12990019351193,0.894278927487727,1.28027715699796,1.37503386913845,1.14576200410245,1.30925885770704,1.1973418427103,1.05836429597916,1.27261309009207,0.845127365921269,0.687770510516988,0.770863712573744,0.66158483225744,0.785494474903099,0.784231471675236
evm.TU.HIC_ASM_6.68,0,0.139287427617429,0,0,0,0,0,0,0,0.0527242487382439,0,0,0,0,0,0,0,0,0.0555094305884183,0,0,0,0,0
evm.TU.HIC_ASM_6.711,3.72363697380288,6.45021928499503,2.08102835082736,2.94177359091372,8.32225636849109,3.64913413594984,3.94835860295754,6.32850504278952,4.37148972310597,2.31077334894414,5.32618739354942,4.46986644507221,2.01034421977998,2.15938850141648,2.5911407390327,2.57027582199092,2.69408565624133,2.73126522364761,1.82287845426561,1.72743591817047,1.75517629738384,1.64435669873417,1.70771045327421,2.06514086300256
evm.TU.HIC_ASM_6.728,0,2.19368517909727,0,0,0.0643273663754967,0,0,1.39469302724528,0,0,0.36412638849503,0,0,0,0,0,0,0,0,0,0,0,0,0
evm.TU.HIC_ASM_6.774,0,0.749341609431018,0,0,0.127250710796212,0,0,0.257857475464958,0.0690279729282396,0,0.0369613603937053,0,0,0,0,0,0,0,0,0,0,0,0,0
evm.TU.HIC_ASM_7.1039,0,0.889076308647092,0,0.0881284768347973,0.0533514184818071,0.154539140792755,0,1.24407762444792,0.0151740157470557,0.0240260034137625,0.264756997255192,0,0,0,0,0,0,0,0,0,0,0,0,0
evm.TU.HIC_ASM_7.105,0,0.0677584776187192,0,0,0,0,0,0,0,0,0,0,0,0,0,0,0,0,0,0,0,0,0,0
evm.TU.HIC_ASM_7.117,0,0.176782957258492,0,0,0.0356159333644796,0,0,0.246811802938605,0,0,0.0541321015977739,0,0.0218331330354451,0,0,0,0,0,0,0,0,0,0,0
evm.TU.HIC_ASM_7.1300,0.0362128313415985,6.7849401280917,0.087534804478723,4.77819182179538,0.438670777527921,0.586179621782798,0.387974930848977,1.09259354892517,0.067104949006193,0.327020083555671,0.204081855625565,0.261748632211466,0.122269834292586,0.738983954700512,0.368127256787226,1.68706994799291,0.0611554460254173,0.596287016427978,1.32132511453574,0.931140920124099,0.605322698403467,1.42310337923654,1.16909654958962,0.0380610602765639
evm.TU.HIC_ASM_7.1741,0.0451514665883388,1.79832077437494,0.0683034699089705,0,0,0.253717841029632,0.451469795813604,0.673902508985885,0.0704136020617429,0.154056462464422,0.383231863159642,0.272479124535162,0.0875565285215353,0.0623354291365291,0.0583335833724004,0.0938332753339531,0.0331290582720809,0.0291649654520741,0,0,0.0288850013566566,0.0322569801769396,0.0325974116397433,0.0702601665537627
evm.TU.HIC_ASM_7.1792,0,1.5926084450262,0,0,0,0,0.0518579070778346,0.324755313449282,0,0,0.0947747560587306,0.0598074916308962,0,0,0,0,0,0,0,0,0,0,0,0
evm.TU.HIC_ASM_7.18,0,0.183136477516471,0,0,0,0,0,0,0,0,0,0,0,0,0,0,0,0,0,0,0,0,0,0
evm.TU.HIC_ASM_7.1889,0,0.0016033855682222,0,0,0,0,0,0,0,0,0.000759619853298993,0,0,0,0,0,0,0,0,0,0,0,0,0
evm.TU.HIC_ASM_7.1982,0.0391959601518014,3.91140550686636,0,0,0.480586719295469,0,0.897643936450837,3.95016833503698,0.365233772335516,0.0198494382109931,0.0689243629288717,0.219981519910424,0,0,0,0,0,0,0,0,0,0,0,0
evm.TU.HIC_ASM_7.2136,0.0204687760712924,0.624973969875236,0,0,0.0164216757906432,0,0,0.466732213839426,0,0.0318675479245632,0,0.0428651607009044,0.0171622448616709,0,0.0306383592970988,0,0,0.0316389191559338,0,0,0,0,0,0
evm.TU.HIC_ASM_7.2179,0,0.123133115184274,0,0,0,0,0.0761358247152571,0,0,0,0,0,0,0,0,0,0,0,0,0,0,0,0,0
evm.TU.HIC_ASM_7.2187,1.25251405978365,5.65224652293919,0.092114052375078,0.660576971962592,3.6735097278542,1.78041047520639,1.2513335148015,6.58175167912527,0.996928601708078,0.470241484401219,4.38040969115674,3.19001716881408,0.188763398764824,0.119726681282049,0.218521221237936,0.0633041266114721,0.0870531703986569,0.0897562033936056,0.103835095868483,0.155139562630636,0.190535638432984,0.238071447829359,0.142338496824504,0.131436273963863
evm.TU.HIC_ASM_7.2238,0,0.0937285032986362,0,0,0.0143738621996759,0,0,0,0,0,0,0,0,0,0,0,0,0,0,0,0,0,0,0
evm.TU.HIC_ASM_7.2558,0.208561582511929,7.28551506834329,0,1.95124336695609,3.86464228614461,3.82743554188857,3.53944459154793,8.05860216108405,1.81057910645548,1.04355332214638,4.78401748863713,5.02044594372809,0.152409299177481,0.104220344380753,0.110246076262629,0.0303276022919638,0.0411527822304101,0.103421992494053,0.0478059179292416,0.130441544589866,0.0420872277113815,0.104984273775712,0.211906408414915,0.110489308951253
evm.TU.HIC_ASM_7.270,0.00669298278711505,0.080750429405526,0,0.0154609349238528,0,0,0,0.0182657385504686,0,0,0,0,0,0,0,0,0,0,0,0,0,0,0,0
evm.TU.HIC_ASM_7.324,0,0.0788789487268089,0,0,0.0580000960611054,0,0,0,0,0,0.0326684027341638,0,0,0,0,0,0,0,0,0,0,0,0,0
evm.TU.HIC_ASM_7.328,0,0.629892794953328,0,0,0,0,0,0.120259031529246,0,0,0.135533119088767,0,0,0,0,0,0,0,0,0,0,0,0,0
evm.TU.HIC_ASM_7.34,0.22282681323932,1.36223337117814,0,0,0,0,0,0.462450248750932,0.096501607971548,0.0773268683570918,0.0366660275094413,0,0,0,0,0,0,0,0,0,0,0,0,0
evm.TU.HIC_ASM_7.362,0,0.0233483348144811,0,0,0,0,0,0.0456601037895072,0,0,0,0,0,0,0,0,0,0,0,0,0,0,0,0
evm.TU.HIC_ASM_7.378,0,0.159059486501622,0,0,0,0,0,0.0637044913618817,0,0,0.0455585313178403,0,0,0,0,0,0,0,0,0,0,0,0,0
evm.TU.HIC_ASM_7.379,0,1.73748710628757,0,0,0.0362018107939711,0,0,1.83388737324531,0,0,0.139114071530332,0,0,0,0,0,0,0,0,0,0,0,0,0
evm.TU.HIC_ASM_7.456,0,0.0957354230059716,0,0,0,0,0,0.250352037066127,0,0,0.0444677973992141,0,0,0,0,0,0,0,0,0,0,0,0,0
evm.TU.HIC_ASM_7.458,0.100720024630671,0.186646974886824,0,0,0.00469457710987192,0,0,0.513174042552168,0,0,0.164945425268388,0.0546257771375999,0,0,0,0,0,0,0,0,0,0,0,0
evm.TU.HIC_ASM_7.604,0,0.138366915060108,0,0,0,0,0.0520680472438746,0,0,0,0,0,0,0,0,0,0,0,0,0,0,0,0,0
evm.TU.HIC_ASM_7.670,0,2.23208095315177,0.0314431912026196,0,0.0862266859390952,0,0.0813082641753607,1.76699494804316,0.242745573942987,0.280368033855885,0.390786896104851,0.785591561776826,0.000425532274137254,0,0,0,0.00622715970876931,0,0.00721655598506092,0,0,0,0,0
evm.TU.HIC_ASM_8.1103,0.093831247560315,2.19909625100928,0,0,0.240676204071556,0.258042470252713,0.853537158080625,0.945891070544325,0.630812686443941,0.117243325971981,0.41372765873832,0.378912562403185,0.0791917136315341,0.0401747022603381,0,0.117186575268177,0,0,0.038342527058094,0,0,0.0677777485338973,0,0.0569834504207188
evm.TU.HIC_ASM_8.1115,0.00281483562169671,0.0705171037935987,0,0,0,0,0.0126339840985194,0,0,0,0,0,0,0,0,0,0,0,0,0,0,0,0,0
evm.TU.HIC_ASM_8.1226,0.128400312234393,2.18495260186884,0,0.0869870699321869,0.101426416825399,0,0.036348593979976,2.53887318084348,0,0.0242515857871365,1.13605463686454,0,0,0,0,0,0,0,0,0,0,0,0,0
evm.TU.HIC_ASM_8.1392,0.237651819141549,3.61737607028571,0,0.0464514800058861,0.775703206907842,0.341595284612139,0.219015451112578,3.88752777303548,0.37648080318081,0.413336280532997,1.12183479611136,1.00492895410893,0,0,0,0,0,0,0,0,0,0,0,0
evm.TU.HIC_ASM_8.1458,0.035694283382153,0.467440698492501,0,0,0.0403500759200161,0,0,0.133659526865976,0.0317344198230422,0.0543826658174932,0.0550669764908897,0,0.033176526057784,0,0.00776576713897752,0,0,0.0524080100863978,0.0399174494585248,0,0.0056155674069098,0.00715052163465624,0,0.0963153856331979
evm.TU.HIC_ASM_8.1468,0,0.253455642596156,0,0,0.15892510285301,0,0,0,0,0,0,0,0,0,0,0,0,0,0,0,0,0,0,0
evm.TU.HIC_ASM_8.1505,2.8140282107552,7.26641739306055,0.554451328659773,3.30420631083018,9.22111934327907,3.09771618586319,3.66681952382344,8.29704822234385,3.08127235460234,2.40509806539969,6.47815457476356,3.88329056846712,2.56809446604537,1.15102122161137,0.790136167093766,0.711382717440666,0.619781091519164,0.504035569287065,0.103102348547323,0.0787632945854536,0.143759978630336,0.187135558663299,0.0746570511241821,0.190914850171919
evm.TU.HIC_ASM_8.1603,0.337552401216398,4.84640272470913,0.0226476243392552,1.02573850596757,1.20272571419734,1.51452392783026,1.10470120157987,5.11397472849407,0.615930064175645,0.120067885964515,1.47157958442111,1.22971280735374,0.0989728490436911,0.0336520524899971,0.00656804384969457,0.0377889069758822,0.0272828830905481,0,0.00649001184022146,0.0132745339411776,0.0268963538112538,0.0407110456578351,0.0417864029625779,0.0125047901958539
evm.TU.HIC_ASM_8.1790,0,0.104766049316291,0,0,0,0,0,0.0228256143254728,0,0,0,0,0,0,0,0,0,0,0,0,0,0,0,0
evm.TU.HIC_ASM_8.180,0,0.058035203254304,0,0,0,0,0,0,0.00878039928561614,0,0,0.00842664991911851,0,0,0,0,0,0,0,0,0,0,0,0
evm.TU.HIC_ASM_8.2022,0.0889021024733898,0.886863818919059,0,0,0.0365206818447404,0,0,0.741491435317626,0,0,0.0463224851725682,0,0,0,0,0,0.0669318806068231,0,0,0,0,0,0,0
evm.TU.HIC_ASM_8.364,0,0.262571466907751,0,0,0,0,0,0,0,0,0,0,0,0,0,0,0,0,0,0,0,0,0,0
evm.TU.HIC_ASM_8.518,3.45261309271825,8.38294097833304,3.72170808262609,2.9058670733016,6.09718556596374,3.12977674635409,5.45879619025603,9.50204365520817,5.26287607639347,5.56129063386466,6.66303248039197,5.2652932093856,1.72732510647181,1.04537493532149,0.612270393738657,0.726512132573536,0.698069384326911,0.477996049738954,1.02426908255334,0.715240313883723,0.54671093567779,0.56006763388399,0.938370613459485,0.515063461554307
evm.TU.HIC_ASM_8.780,0,0.0161168761501683,0,0,0,0,0,0,0,0,0,0,0,0,0,0,0,0,0,0,0,0,0,0.0118290804053699
evm.TU.HIC_ASM_8.80,0.228360032932379,4.59188771073991,0.967609097281943,0.754107879722061,0.671055394689663,0.342040759812409,0.322804602823572,0.827740724384725,0.300259248930085,0.479681720955352,0.658764457475324,0.256502265380276,0.365966083639341,0.342681411499431,0.329766564813026,0.358800205026297,0.314446339774411,0.237160670431776,0.356569417993209,0.314560804442538,0.266900852173407,0.317619357718485,0.405741545213109,0.430494747795893
evm.TU.HIC_ASM_9.1085_evm.TU.HIC_ASM_9.1086,3.58915314822415,8.74432364867052,0.215364244304501,1.08475799821492,3.72429766649949,3.00549496659108,4.53947792663735,8.32004727221766,3.76053677905902,2.3328890168033,5.45870274239767,5.44638383889447,0.964610322603138,0.744319567993292,0.485689236745571,0.547059200268353,0.683937145369085,0.400423529167897,0.375766413174188,0.233689716456284,0.325547217260792,0.338359754352949,0.323806607207859,0.251961011295568
evm.TU.HIC_ASM_9.1090,2.52206554458499,7.96016481704822,0.00482351321981449,0,2.41191700398078,0.0323209343745557,0.912498881739086,6.38267876797829,2.77533891108831,0.221229139855689,3.34972416095575,2.59402671240563,0.00585170945464191,0.000716841315006848,0.025317067910663,1.4907723643318e-05,3.65477633435596e-05,8.99251401560628e-05,0,0.00247594384750407,0.0121939174228725,0.00103980831861039,0.0187238947327398,0.0126892799123781
evm.TU.HIC_ASM_9.1228,0,0.204836849534906,0,0,0.193119886498017,0,0,0,0,0,0,0,0,0,0,0,0,0,0,0,0,0,0,0
evm.TU.HIC_ASM_9.1229,0,0.267333836589988,0,0,0.108351379194152,0,0.0570759027394785,0.0295150802399094,0,0,0,0,0,0,0,0,0,0,0,0,0,0,0,0
evm.TU.HIC_ASM_9.1325,0.0706613533089465,4.3060611789011,0,0,0.662148064205399,0.00375141586668715,0.044814684272815,4.21832111568795,0,0.3163504479342,1.58811263027755,0,0,0,0,0,0,0,0,0,0,0,0,0
evm.TU.HIC_ASM_9.1326,0,3.7990623799853,0,0,0.319934260114708,0.0331685361489368,0.0200007401717402,3.9540192668811,0.0347247010566126,0.0867901061071905,1.27710438539323,0.0276947838218804,0.0119402109478221,0,0,0,0,0.00875649958789706,0,0,0.00856720378157217,0,0,0
evm.TU.HIC_ASM_9.1338,0.525173361596243,5.95471761083435,0.0617872553266622,1.17943801111042,8.15157601842999,2.14658473653443,3.21380690061602,6.40525704995624,1.98722698763645,0.583315927303508,4.58954922367192,3.31841783845695,0.581747481915171,0.312563724833782,0.182149860430495,0.331863787309782,0.142223026161689,0.157142473796823,0.712992182542202,0.990073367616996,0.51017235468703,0.829631752862107,0.796322256049239,0.77836139050864
evm.TU.HIC_ASM_9.1540,0,0.104729153675048,0,0,0,0,0,0,0.0270327595002903,0,0,0,0,0,0,0,0,0,0,0,0,0,0,0
evm.TU.HIC_ASM_9.168,0,0.263191290389047,0,0,0,0,0,0,0,0,0,0,0,0,0,0,0,0,0,0,0,0,0,0
evm.TU.HIC_ASM_9.1806,6.55684688128911,9.25351917602475,4.10700125424503,1.41772921983537,3.42815423016991,4.02549425705852,5.92489431337533,8.0333760344416,5.8495177804603,4.64187911273382,5.970490136114,6.42985965079604,1.59467290880231,1.49690048600547,1.16095868555879,1.2288796286474,1.53670113805142,1.16293936505648,0.954580729390151,0.673624864000398,0.892052381662183,0.844314675160234,1.03591922169926,0.86673525337689
evm.TU.HIC_ASM_9.1821,0,2.40185638192848,0.589764445586015,0.199691816180892,0.572327676052813,0.731836651817406,1.04254862122216,4.13554335139753,0.360095285912593,1.84918210131892,0.396705329669374,1.65637066778355,0.10657657694595,0,0,0,0,0.0461408496564369,0.0216066974645036,0,0,0.0826549074030827,0,0.0728924061430848
evm.TU.HIC_ASM_9.1844,0.38680653286687,2.77907813742106,0,0,0.661044798824889,0,0,0.477028616500764,0,1.07552738269144,1.26597630553009,0.0337037312235039,0.0683924478735819,0.230266967739247,0.0340020186244988,0.0995102182226843,0,0.0683612600478019,0.0585820337264616,0.157757333840673,0.0675304184492266,0.0739349137368639,0.0330895793149241,0.165799627144863
evm.TU.HIC_ASM_9.1926,0.895263838687277,7.22929506668403,0.233988652750047,2.32482202600684,5.27876838634506,2.04190260606955,2.57641942429356,7.89709796269347,1.91951844573487,0.799322208279262,4.47674575037632,2.53514612202979,1.42499623599448,0.473602331454453,0.582949338367569,0.414586225472455,0.319831008452683,0.428387912385212,0,0.105196652299389,0,0.10524493620858,0.142831644445217,0.121299268884013
evm.TU.HIC_ASM_9.279,0,0.292231064605532,0,0.0259779910242012,0.0454527564501556,0,0.0961219399441778,0.0609074398716337,0,0.0256529997163581,0,0,0,0,0,0,0.0123479324988519,0.0285578368971745,0.0171836292202823,0,0,0,0,0
evm.TU.HIC_ASM_9.404,2.71984208798168,8.50804122683506,0.589451907900783,0.423223885481524,3.25618485658447,2.56469195829221,4.66052643101472,8.21683460424533,3.8412596103049,2.08534148235008,3.393579846737,4.25845839658068,0.125263598069588,0.0840071002675497,0.100971369801832,0.0592094320520769,0.180946024961921,0.0819540287852242,0.965301120215196,0.163980837759462,0.146628722943611,0.1441386299521,0.205129725867333,0.213495354531013
evm.TU.HIC_ASM_9.417,0,0.0723555486573644,0,0,0,0,0,0,0,0,0,0,0,0,0,0,0,0,0,0,0,0,0,0
evm.TU.HIC_ASM_9.556,0.534627908476906,5.94691976878094,0.0527330574240744,1.49859077597077,4.70862356596504,1.09522995918322,0.321940406217233,6.74317576585731,0.419950518085573,0.205660256347098,3.47040762194005,0.8706469507965,0.161940123952683,0.0370865070443421,0.013053423399814,0,0.0207977798548535,0.0142191118506217,0.00622667992393481,0,0.00660729738291881,0,0.0137900071765601,0
evm.TU.ORIGINAL_131.17,0.0213709881691155,1.1650002212896,0.0297454590564415,0,1.3430111093464,0.0192483395236224,0.0651053528956488,2.19781109525255,0.0621857376799119,0.307175909617336,0.569576316359325,0.043880137390619,0,0,0,0.0100746675559893,0,0.00454357835822002,0,0,0.00717971062579661,0.00512160230957684,0,0
evm.TU.ORIGINAL_134__FRAGMENT_1.2,3.35990913069671,5.39739579475981,0.348201819726939,3.6444597644331,8.24488701965106,3.34883884516049,3.49210010689261,6.49564397034259,4.02955386207138,1.91322721056139,6.41269882199877,5.2373415943252,1.87648485890239,1.22616692823602,0.972319894317956,0.859372474836878,0.955374557506396,0.604255445365248,0.833393974825141,0.884704450269074,0.607079178791186,1.02599711900771,1.31432587216483,1.18308776609854
evm.TU.ORIGINAL_134__FRAGMENT_1.7,0,0.350554387991401,0,0,0,0,0,0.0427885996995882,0,0.145500952423624,0,0,0,0,0,0,0,0,0,0.0266192533662873,0,0,0,0
evm.TU.ORIGINAL_153.21,0,0.213494732408194,0,0,0,0.056546535249151,0.0413144842958248,0.00218979104154807,0.0367016577065648,0,0,0,0,0,0,0,0,0,0,0,0,0,0,0
evm.TU.ORIGINAL_226.4,0,0.444738086818829,0,0,0,0,0,0.12643284508237,0,0.173715481513831,0.193801174705996,0,0,0,0,0,0,0,0,0,0,0,0,0
evm.TU.ORIGINAL_239.1,0.264544237444308,4.52419045781815,0,0.00793651610047618,1.88713166037275,0.0364311243857538,0.546117571630346,3.91707344035577,0.697609261106043,0.192370519395469,1.13225196644374,1.04288640062754,0.0834280688732459,0.0749113793885256,0.0418840371145001,0.0496605036628904,0.0533551250649718,0.0459973889405557,0.0493473123336727,0.02369016509691,0.0425757027108559,0.0656688097068241,0.0308050104787308,0.0235463463052227
evm.TU.ORIGINAL_247__FRAGMENT_2.36,0,0.288405223837511,0,0,0.0756877876703713,0,0,0,0,0,0,0,0,0,0,0,0,0,0,0,0,0,0,0
evm.TU.ORIGINAL_262.3,0.679985812704134,6.46642199774752,1.848684427345,0.1092629276067,1.81436844292139,1.51585489453531,1.20141806803425,5.92517505943678,0.638185076846976,2.51014770583354,2.29770617458941,2.22128060270611,0.170840768224561,0.213523557565142,0,0.0341607678983849,0.0695371992140212,0.0538092234523469,0.122034766790051,0,0.0368657354117044,0,0.0774777316170128,0
evm.TU.ORIGINAL_308.9,2.19378372638769,6.62677781632868,1.10988939492482,0.0603425807678675,0.355171165706413,0.134578884845332,0.749079112583851,5.91116956087549,2.81363126276445,1.18966876596547,2.694747911764,1.57145951960963,0,0.0135708821674391,0,0.0418008846719629,0.0170781299756858,0,0.162535755956972,0,0,0,0.0176031732631943,0
evm.TU.ORIGINAL_318__FRAGMENT_1.4,0.12937996279437,2.83101349322378,0,0.0659068112525245,0.513298036160844,0.112492859457003,0.0913902203914454,3.27872211807839,0.0169959107762992,0.112561804853929,0.44082926667277,0.251391084769098,0,0,0,0,0,0,0,0,0,0,0,0
evm.TU.ORIGINAL_320__FRAGMENT_2.1,0,0.0548811152145977,0,0,0,0,0,0,0,0,0,0,0,0,0,0,0,0,0,0,0,0,0,0
evm.TU.ORIGINAL_425.11,0,0.758718910210448,0,0,0.0495057747389143,0.0734930477876418,0,0.472212897056556,0,0.0389010844031985,0,0.0436272761913758,0,0,0,0,0,0,0.076684502223639,0.0392745835068362,0.0605874566539365,0,0,0.0376816248370974
evm.TU.ORIGINAL_437__FRAGMENT_2.19,0,0.0552692450862309,0,0,0,0,0,0,0,0,0,0,0,0,0,0,0,0,0,0,0,0,0,0
evm.TU.ORIGINAL_458.13,0,0.0570141917827395,0,0,0,0,0,0,0,0,0,0,0,0,0,0,0,0,0,0,0,0,0,0
evm.TU.ORIGINAL_483__FRAGMENT_2.14,1.40574871418602,7.86205565599449,0.0243310277843341,0.741673785122069,1.9547892757896,2.59521496538494,3.84821523090836,6.83526654978611,2.33924125892951,2.11021310806126,4.37436128666748,4.29201961875147,0.576095755994983,0.32881885198584,0.268734199847259,0.263244383231369,0.193003362830514,0.195735624801865,0.128557364973757,0.0402584170808813,0.0775260402401823,0.0537388008388042,0.0898036511992596,0.136967878875719
evm.TU.ORIGINAL_484__FRAGMENT_1.11,0,0.447827778860176,0,0,0.120005492693738,0,0,0,0,0,0.27563406625815,0,0,0,0,0,0,0,0,0,0,0,0,0
evm.TU.ORIGINAL_494.43,0,0.341861106651774,0,0,0,0,0.138633629307518,0.201154973794885,0.0740984649816396,0,0,0,0,0,0,0,0,0,0,0,0,0,0,0
PB.18236,0,0.0366925157117265,0,0,0,0,0,0,0,0,0,0.00820240517213815,0,0,0,0,0,0,0,0,0,0,0,0
PB.9485,1.65217210802849,8.27603375696627,1.84820007180066,0.367105615537567,2.80861411987889,1.59008458270402,4.43154616524532,8.02641638697943,3.02597267692228,2.69013508490013,3.94419765258916,4.42885458269596,0.149817342500696,0.159032782624482,0.0448482495443109,0.106610075553821,0.0497892003942571,0.100159552331474,0.0432292344684901,0.0121638755073515,0.0350626738436644,0.0420054882754863,0.0114064222797141,0.0409990073402114
PB.18696,0.0301481802696778,7.00625941423401,0,1.14232716768607,3.02883503619222,2.0906662516565,1.40214258156606,7.54990597858259,0.195924980364472,0.0221409882675609,3.55882721281482,2.97563727813844,0.129974026016054,0.0804375479074707,0,0.027661761080013,0.010189275441111,0.00983396135811639,0.00867189316845238,0,0.00795469034824973,0.00937058343353581,0.00818805994172972,0
PB.3204,0,0.336026250982881,0,0,0.0192212913538622,0.0692535032556935,0,0.155655121600783,0,0,0.0330350585089135,0,0,0,0,0,0,0,0,0,0,0,0,0
PB.16383,0,0.0396648288848444,0,0,0,0,0,0,0,0,0,0,0,0,0,0,0,0,0,0,0,0,0,0
PB.462,0,0.0147787546646932,0,0,0,0,0,0,0,0,0,0,0,0,0,0,0,0,0,0,0,0,0,0
PB.12283,0,0.183767880043392,0,0,0,0,0,0,0,0,0.0114398191998488,0,0,0,0.00584596202246159,0,0,0,0,0,0,0,0,0.0115929602206574
PB.4155,0.127116854345395,2.33615082523988,0,0,0.088550958809117,0,0,1.64916092910544,0,0.51907015424034,0.560441713459104,0,0.0301090901512565,0.0388509958754678,0.0304900518035697,0.0697379070840349,0.0764660591657085,0.0564979809501764,0,0,0,0.0407540557081612,0.00994619991844264,0.00931563759677663
PB.13228,0.0202674965650156,2.25828373268219,0,0.0573153259699639,0.190981833886852,0.0417882711715202,0.39964580596455,0.975926300501696,0.318393976235545,0.143624162217813,0.198686081546363,0.231391445895577,0.101200031609175,0.110307111474828,0.0499113801625823,0.0401377546249839,0.0347561555822312,0.179313157539701,0.00731177363241273,0.0395983921520631,0,0.0665829235077642,0.155323526921965,0
PB.3596,0,1.58056665129305,0,0.0822275156969951,0.0570652706152163,0.050103225252795,0.109713138401696,1.40710108455867,0,0,0,0.0428819661280859,0.0856449189819867,0,0.047328052643896,0.162222928973776,0.0267056462910107,0,0,0,0,0,0.0233703374333669,0
PB.17324,0,3.23128155659536,0,0.300240502857134,0.655531657814222,0.392078144193076,0.260846262402935,3.96685577445646,0.0674744316369801,0.0502597473879473,1.05338293178175,0.797973901166811,0.143451761433254,0.064989969783724,0.291004668153665,0.184715735321179,0.216021861902094,0.085939002955336,0.161108148260735,0.175610611573147,0.18375115588594,0.176043568814072,0.229002112700833,0.175816677108884
PB.4035,0,0.104757999438678,0,0.0154423796880018,0,0,0,0.00965770456583945,0,0,0,0.00348710430251246,0.00991037989757276,0,0,0,0,0,0,0,0,0,0,0
PB.3902,0,0.124460486274336,0.0535089787934928,0,0.0353578663115955,0,0,0,0.0390859743327904,0,0,0,0,0,0,0,0,0,0,0,0,0,0.0170515158598454,0
PB.16757,0.00726727549147471,3.31696021498133,0,0,0,0.448318118864446,0.062017606096625,2.99292217707536,0.227208334726419,0.0372144547557303,0.50588483382254,0.970004471920745,0.0556001256176499,0.0193256859491253,0.0131749428237426,0,0.0152078023735234,0.0172544334206477,0.0637477420523429,0.043443434945048,0,0.0216498089977238,0.00383966819559094,0
PB.9832,0,0.371565553356058,0.109848619310616,0,0.00988793175357574,0.0092520888575979,0.036384701877204,0.00901220021793126,0.0215465304617444,0.0606635395674286,0.0127093006330921,0.0533097083373094,0,0.0143686242746999,0.0120775616034595,0,0,0,0,0,0,0,0,0
PB.20257,0,0.157684046982886,0,0,0.0730679619841607,0,0,0.0611365469327575,0,0,0,0,0,0,0,0,0,0,0,0,0,0,0,0
PB.23186,0,0.0189054550537522,0.00340074898923177,0,0,0,0,0.00783129551869287,0,0,0.00430818148801781,0,0,0,0,0,0,0,0,0,0,0,0,0
